{
  "type": "FeatureCollection",
  "features": [
    {
      "type": "Feature",
      "geometry": {
        "type": "Point",
        "coordinates": [
          -122.22072,
          37.72128
        ]
      },
      "properties": {
        "source": "nexrad",
        "aircraft_class": "m",
        "pred_class": 1,
        "probs": [
          0.00027572878752835095,
          0.9997242093086243
        ],
        "severe_prob": 0.9997242093086243,
        "prob_max": 0.9997242093086243,
        "true_class": 1.0,
        "flight_level_ft": 3000.0,
        "delta_t_seconds": 161.0,
        "pirep_time": "2024-12-14T07:50:00+00:00",
        "patch_id": "0000008_2024_12_df_row.nc"
      }
    },
    {
      "type": "Feature",
      "geometry": {
        "type": "Point",
        "coordinates": [
          -112.87244699262344,
          39.483214354095495
        ]
      },
      "properties": {
        "source": "nexrad",
        "aircraft_class": "l",
        "pred_class": 1,
        "probs": [
          6.966394266783027e-06,
          0.999993085861206
        ],
        "severe_prob": 0.999993085861206,
        "prob_max": 0.999993085861206,
        "true_class": 1.0,
        "flight_level_ft": 20000.0,
        "delta_t_seconds": 26.0,
        "pirep_time": "2024-12-30T03:14:00+00:00",
        "patch_id": "0000011_2024_12_df_row.nc"
      }
    },
    {
      "type": "Feature",
      "geometry": {
        "type": "Point",
        "coordinates": [
          -84.163,
          36.3341
        ]
      },
      "properties": {
        "source": "nexrad",
        "aircraft_class": "l",
        "pred_class": 0,
        "probs": [
          0.8192464709281921,
          0.18075349926948547
        ],
        "severe_prob": 0.18075349926948547,
        "prob_max": 0.8192464709281921,
        "true_class": 0.0,
        "flight_level_ft": 16000.0,
        "delta_t_seconds": 182.0,
        "pirep_time": "2024-12-13T20:18:00+00:00",
        "patch_id": "0000013_2024_12_df_row.nc"
      }
    },
    {
      "type": "Feature",
      "geometry": {
        "type": "Point",
        "coordinates": [
          -122.31437,
          47.44469
        ]
      },
      "properties": {
        "source": "nexrad",
        "aircraft_class": "m",
        "pred_class": 0,
        "probs": [
          0.9999487400054932,
          5.128478733240627e-05
        ],
        "severe_prob": 5.128478733240627e-05,
        "prob_max": 0.9999487400054932,
        "true_class": 1.0,
        "flight_level_ft": 14000.0,
        "delta_t_seconds": 384.0,
        "pirep_time": "2024-12-24T03:41:00+00:00",
        "patch_id": "0000017_2024_12_df_row.nc"
      }
    },
    {
      "type": "Feature",
      "geometry": {
        "type": "Point",
        "coordinates": [
          -122.60028,
          45.59083
        ]
      },
      "properties": {
        "source": "nexrad",
        "aircraft_class": "m",
        "pred_class": 0,
        "probs": [
          0.9948556423187256,
          0.005144397262483835
        ],
        "severe_prob": 0.005144397262483835,
        "prob_max": 0.9948556423187256,
        "true_class": 0.0,
        "flight_level_ft": 16000.0,
        "delta_t_seconds": 92.0,
        "pirep_time": "2024-12-24T00:14:00+00:00",
        "patch_id": "0000021_2024_12_df_row.nc"
      }
    },
    {
      "type": "Feature",
      "geometry": {
        "type": "Point",
        "coordinates": [
          -86.11,
          42.47
        ]
      },
      "properties": {
        "source": "nexrad",
        "aircraft_class": "m",
        "pred_class": 1,
        "probs": [
          1.441448421246605e-05,
          0.9999855756759644
        ],
        "severe_prob": 0.9999855756759644,
        "prob_max": 0.9999855756759644,
        "true_class": 1.0,
        "flight_level_ft": 24000.0,
        "delta_t_seconds": 240.0,
        "pirep_time": "2024-12-29T19:10:00+00:00",
        "patch_id": "0000023_2024_12_df_row.nc"
      }
    },
    {
      "type": "Feature",
      "geometry": {
        "type": "Point",
        "coordinates": [
          -78.54548282942092,
          36.05290991888375
        ]
      },
      "properties": {
        "source": "nexrad",
        "aircraft_class": "l",
        "pred_class": 1,
        "probs": [
          0.0762733593583107,
          0.9237266182899475
        ],
        "severe_prob": 0.9237266182899475,
        "prob_max": 0.9237266182899475,
        "true_class": 1.0,
        "flight_level_ft": 4000.0,
        "delta_t_seconds": 383.0,
        "pirep_time": "2024-12-11T20:13:00+00:00",
        "patch_id": "0000035_2024_12_df_row.nc"
      }
    },
    {
      "type": "Feature",
      "geometry": {
        "type": "Point",
        "coordinates": [
          -73.15,
          44.47
        ]
      },
      "properties": {
        "source": "nexrad",
        "aircraft_class": "l",
        "pred_class": 0,
        "probs": [
          0.9985105395317078,
          0.0014894763007760048
        ],
        "severe_prob": 0.0014894763007760048,
        "prob_max": 0.9985105395317078,
        "true_class": 0.0,
        "flight_level_ft": 19000.0,
        "delta_t_seconds": 192.0,
        "pirep_time": "2024-12-30T16:13:00+00:00",
        "patch_id": "0000041_2024_12_df_row.nc"
      }
    },
    {
      "type": "Feature",
      "geometry": {
        "type": "Point",
        "coordinates": [
          -105.32259491457113,
          39.40424021631001
        ]
      },
      "properties": {
        "source": "nexrad",
        "aircraft_class": "l",
        "pred_class": 1,
        "probs": [
          0.27566465735435486,
          0.7243353128433228
        ],
        "severe_prob": 0.7243353128433228,
        "prob_max": 0.7243353128433228,
        "true_class": 1.0,
        "flight_level_ft": 14000.0,
        "delta_t_seconds": 440.0,
        "pirep_time": "2024-12-17T00:30:00+00:00",
        "patch_id": "0000045_2024_12_df_row.nc"
      }
    },
    {
      "type": "Feature",
      "geometry": {
        "type": "Point",
        "coordinates": [
          -112.60107573519568,
          39.422270041670046
        ]
      },
      "properties": {
        "source": "nexrad",
        "aircraft_class": "m",
        "pred_class": 1,
        "probs": [
          1.7203510083163565e-07,
          0.9999998807907104
        ],
        "severe_prob": 0.9999998807907104,
        "prob_max": 0.9999998807907104,
        "true_class": 1.0,
        "flight_level_ft": 18000.0,
        "delta_t_seconds": 240.0,
        "pirep_time": "2024-12-30T03:29:00+00:00",
        "patch_id": "0000046_2024_12_df_row.nc"
      }
    },
    {
      "type": "Feature",
      "geometry": {
        "type": "Point",
        "coordinates": [
          -122.08277492662596,
          47.38768202550251
        ]
      },
      "properties": {
        "source": "nexrad",
        "aircraft_class": "h",
        "pred_class": 1,
        "probs": [
          0.0007309959619306028,
          0.9992689490318298
        ],
        "severe_prob": 0.9992689490318298,
        "prob_max": 0.9992689490318298,
        "true_class": 1.0,
        "flight_level_ft": 5000.0,
        "delta_t_seconds": 321.0,
        "pirep_time": "2024-12-24T03:47:00+00:00",
        "patch_id": "0000048_2024_12_df_row.nc"
      }
    },
    {
      "type": "Feature",
      "geometry": {
        "type": "Point",
        "coordinates": [
          -121.92442,
          37.47607611667612
        ]
      },
      "properties": {
        "source": "nexrad",
        "aircraft_class": "l",
        "pred_class": 1,
        "probs": [
          0.0001234163501067087,
          0.9998766183853149
        ],
        "severe_prob": 0.9998766183853149,
        "prob_max": 0.9998766183853149,
        "true_class": 1.0,
        "flight_level_ft": 2000.0,
        "delta_t_seconds": 299.0,
        "pirep_time": "2024-12-10T02:58:00+00:00",
        "patch_id": "0000051_2024_12_df_row.nc"
      }
    },
    {
      "type": "Feature",
      "geometry": {
        "type": "Point",
        "coordinates": [
          -122.1457825737783,
          47.13143375467857
        ]
      },
      "properties": {
        "source": "nexrad",
        "aircraft_class": "l",
        "pred_class": 1,
        "probs": [
          0.24982641637325287,
          0.7501736283302307
        ],
        "severe_prob": 0.7501736283302307,
        "prob_max": 0.7501736283302307,
        "true_class": 1.0,
        "flight_level_ft": 2500.0,
        "delta_t_seconds": 170.0,
        "pirep_time": "2024-12-22T21:42:00+00:00",
        "patch_id": "0000052_2024_12_df_row.nc"
      }
    },
    {
      "type": "Feature",
      "geometry": {
        "type": "Point",
        "coordinates": [
          -81.93508,
          35.42822
        ]
      },
      "properties": {
        "source": "nexrad",
        "aircraft_class": "l",
        "pred_class": 1,
        "probs": [
          0.0014675605343654752,
          0.9985324144363403
        ],
        "severe_prob": 0.9985324144363403,
        "prob_max": 0.9985324144363403,
        "true_class": 1.0,
        "flight_level_ft": 16000.0,
        "delta_t_seconds": 282.0,
        "pirep_time": "2024-12-29T18:09:00+00:00",
        "patch_id": "0000054_2024_12_df_row.nc"
      }
    },
    {
      "type": "Feature",
      "geometry": {
        "type": "Point",
        "coordinates": [
          -94.39058387640692,
          34.031117034608194
        ]
      },
      "properties": {
        "source": "nexrad",
        "aircraft_class": "h",
        "pred_class": 1,
        "probs": [
          9.297450560552534e-06,
          0.999990701675415
        ],
        "severe_prob": 0.999990701675415,
        "prob_max": 0.999990701675415,
        "true_class": 1.0,
        "flight_level_ft": 36000.0,
        "delta_t_seconds": 28.0,
        "pirep_time": "2024-12-14T13:07:00+00:00",
        "patch_id": "0000057_2024_12_df_row.nc"
      }
    },
    {
      "type": "Feature",
      "geometry": {
        "type": "Point",
        "coordinates": [
          -112.10961839733892,
          39.78699796682039
        ]
      },
      "properties": {
        "source": "nexrad",
        "aircraft_class": "l",
        "pred_class": 1,
        "probs": [
          0.00037742810673080385,
          0.9996225833892822
        ],
        "severe_prob": 0.9996225833892822,
        "prob_max": 0.9996225833892822,
        "true_class": 1.0,
        "flight_level_ft": 22000.0,
        "delta_t_seconds": 159.0,
        "pirep_time": "2024-12-30T02:36:00+00:00",
        "patch_id": "0000059_2024_12_df_row.nc"
      }
    },
    {
      "type": "Feature",
      "geometry": {
        "type": "Point",
        "coordinates": [
          -96.39453,
          33.94227
        ]
      },
      "properties": {
        "source": "nexrad",
        "aircraft_class": "m",
        "pred_class": 1,
        "probs": [
          1.6038723060773918e-06,
          0.9999984502792358
        ],
        "severe_prob": 0.9999984502792358,
        "prob_max": 0.9999984502792358,
        "true_class": 1.0,
        "flight_level_ft": 14000.0,
        "delta_t_seconds": 219.0,
        "pirep_time": "2024-12-14T05:59:00+00:00",
        "patch_id": "0000060_2024_12_df_row.nc"
      }
    },
    {
      "type": "Feature",
      "geometry": {
        "type": "Point",
        "coordinates": [
          -105.4453170751482,
          38.91462528346326
        ]
      },
      "properties": {
        "source": "nexrad",
        "aircraft_class": "l",
        "pred_class": 0,
        "probs": [
          0.9976947903633118,
          0.002305144676938653
        ],
        "severe_prob": 0.002305144676938653,
        "prob_max": 0.9976947903633118,
        "true_class": 0.0,
        "flight_level_ft": 19000.0,
        "delta_t_seconds": 11.0,
        "pirep_time": "2024-12-09T23:33:00+00:00",
        "patch_id": "0000063_2024_12_df_row.nc"
      }
    },
    {
      "type": "Feature",
      "geometry": {
        "type": "Point",
        "coordinates": [
          -105.07528752699749,
          39.94711532463905
        ]
      },
      "properties": {
        "source": "nexrad",
        "aircraft_class": "l",
        "pred_class": 1,
        "probs": [
          0.024185195565223694,
          0.9758148789405823
        ],
        "severe_prob": 0.9758148789405823,
        "prob_max": 0.9758148789405823,
        "true_class": 1.0,
        "flight_level_ft": 6500.0,
        "delta_t_seconds": 305.0,
        "pirep_time": "2024-12-29T17:31:00+00:00",
        "patch_id": "0000069_2024_12_df_row.nc"
      }
    },
    {
      "type": "Feature",
      "geometry": {
        "type": "Point",
        "coordinates": [
          -97.93985976842175,
          30.02641797155345
        ]
      },
      "properties": {
        "source": "nexrad",
        "aircraft_class": "m",
        "pred_class": 0,
        "probs": [
          0.9970486760139465,
          0.0029513060580939054
        ],
        "severe_prob": 0.0029513060580939054,
        "prob_max": 0.9970486760139465,
        "true_class": 0.0,
        "flight_level_ft": 17000.0,
        "delta_t_seconds": 63.0,
        "pirep_time": "2024-12-07T02:33:00+00:00",
        "patch_id": "0000072_2024_12_df_row.nc"
      }
    },
    {
      "type": "Feature",
      "geometry": {
        "type": "Point",
        "coordinates": [
          -97.2283,
          31.284609666639668
        ]
      },
      "properties": {
        "source": "nexrad",
        "aircraft_class": "m",
        "pred_class": 0,
        "probs": [
          0.9999961853027344,
          3.756902742679813e-06
        ],
        "severe_prob": 3.756902742679813e-06,
        "prob_max": 0.9999961853027344,
        "true_class": 0.0,
        "flight_level_ft": 19000.0,
        "delta_t_seconds": 126.0,
        "pirep_time": "2024-12-04T13:10:00+00:00",
        "patch_id": "0000075_2024_12_df_row.nc"
      }
    },
    {
      "type": "Feature",
      "geometry": {
        "type": "Point",
        "coordinates": [
          -81.01860163447654,
          28.21511010815501
        ]
      },
      "properties": {
        "source": "nexrad",
        "aircraft_class": "m",
        "pred_class": 1,
        "probs": [
          2.36440023115847e-09,
          1.0
        ],
        "severe_prob": 1.0,
        "prob_max": 1.0,
        "true_class": 1.0,
        "flight_level_ft": 12000.0,
        "delta_t_seconds": 33.0,
        "pirep_time": "2024-12-29T21:37:00+00:00",
        "patch_id": "0000076_2024_12_df_row.nc"
      }
    },
    {
      "type": "Feature",
      "geometry": {
        "type": "Point",
        "coordinates": [
          -115.24375929165004,
          35.609737469083505
        ]
      },
      "properties": {
        "source": "nexrad",
        "aircraft_class": "l",
        "pred_class": 1,
        "probs": [
          0.0008963528089225292,
          0.9991036057472229
        ],
        "severe_prob": 0.9991036057472229,
        "prob_max": 0.9991036057472229,
        "true_class": 1.0,
        "flight_level_ft": 9500.0,
        "delta_t_seconds": 86.0,
        "pirep_time": "2024-12-14T22:42:00+00:00",
        "patch_id": "0000082_2024_12_df_row.nc"
      }
    },
    {
      "type": "Feature",
      "geometry": {
        "type": "Point",
        "coordinates": [
          -79.65624454908367,
          26.961951066442943
        ]
      },
      "properties": {
        "source": "nexrad",
        "aircraft_class": "m",
        "pred_class": 1,
        "probs": [
          0.03031681291759014,
          0.9696831703186035
        ],
        "severe_prob": 0.9696831703186035,
        "prob_max": 0.9696831703186035,
        "true_class": 1.0,
        "flight_level_ft": 22000.0,
        "delta_t_seconds": 185.0,
        "pirep_time": "2024-12-27T15:38:00+00:00",
        "patch_id": "0000084_2024_12_df_row.nc"
      }
    },
    {
      "type": "Feature",
      "geometry": {
        "type": "Point",
        "coordinates": [
          -80.77573167333179,
          29.595211690372125
        ]
      },
      "properties": {
        "source": "nexrad",
        "aircraft_class": "l",
        "pred_class": 1,
        "probs": [
          1.3409547250375908e-07,
          0.9999998807907104
        ],
        "severe_prob": 0.9999998807907104,
        "prob_max": 0.9999998807907104,
        "true_class": 1.0,
        "flight_level_ft": 34000.0,
        "delta_t_seconds": 3.0,
        "pirep_time": "2024-12-29T23:20:00+00:00",
        "patch_id": "0000088_2024_12_df_row.nc"
      }
    },
    {
      "type": "Feature",
      "geometry": {
        "type": "Point",
        "coordinates": [
          -82.73115637550906,
          30.1821
        ]
      },
      "properties": {
        "source": "nexrad",
        "aircraft_class": "m",
        "pred_class": 0,
        "probs": [
          0.9729458689689636,
          0.027054162696003914
        ],
        "severe_prob": 0.027054162696003914,
        "prob_max": 0.9729458689689636,
        "true_class": 0.0,
        "flight_level_ft": 12000.0,
        "delta_t_seconds": 179.0,
        "pirep_time": "2024-12-26T13:47:00+00:00",
        "patch_id": "0000089_2024_12_df_row.nc"
      }
    },
    {
      "type": "Feature",
      "geometry": {
        "type": "Point",
        "coordinates": [
          -122.23541249122388,
          37.85411671865906
        ]
      },
      "properties": {
        "source": "nexrad",
        "aircraft_class": "l",
        "pred_class": 1,
        "probs": [
          1.0569150617811829e-05,
          0.99998939037323
        ],
        "severe_prob": 0.99998939037323,
        "prob_max": 0.99998939037323,
        "true_class": 1.0,
        "flight_level_ft": 4000.0,
        "delta_t_seconds": 39.0,
        "pirep_time": "2024-12-14T19:38:00+00:00",
        "patch_id": "0000090_2024_12_df_row.nc"
      }
    },
    {
      "type": "Feature",
      "geometry": {
        "type": "Point",
        "coordinates": [
          -121.62,
          39.49
        ]
      },
      "properties": {
        "source": "nexrad",
        "aircraft_class": "l",
        "pred_class": 0,
        "probs": [
          0.996697187423706,
          0.0033027830068022013
        ],
        "severe_prob": 0.0033027830068022013,
        "prob_max": 0.996697187423706,
        "true_class": 1.0,
        "flight_level_ft": 8000.0,
        "delta_t_seconds": 90.0,
        "pirep_time": "2024-12-17T03:12:00+00:00",
        "patch_id": "0000095_2024_12_df_row.nc"
      }
    },
    {
      "type": "Feature",
      "geometry": {
        "type": "Point",
        "coordinates": [
          -135.36,
          57.04
        ]
      },
      "properties": {
        "source": "nexrad",
        "aircraft_class": "m",
        "pred_class": 1,
        "probs": [
          0.0005976901738904417,
          0.9994022846221924
        ],
        "severe_prob": 0.9994022846221924,
        "prob_max": 0.9994022846221924,
        "true_class": 1.0,
        "flight_level_ft": 8000.0,
        "delta_t_seconds": 206.0,
        "pirep_time": "2024-12-22T16:02:00+00:00",
        "patch_id": "0000099_2024_12_df_row.nc"
      }
    },
    {
      "type": "Feature",
      "geometry": {
        "type": "Point",
        "coordinates": [
          -117.30505336327926,
          47.694606067614885
        ]
      },
      "properties": {
        "source": "nexrad",
        "aircraft_class": "l",
        "pred_class": 0,
        "probs": [
          0.8234654664993286,
          0.1765345335006714
        ],
        "severe_prob": 0.1765345335006714,
        "prob_max": 0.8234654664993286,
        "true_class": 0.0,
        "flight_level_ft": 2500.0,
        "delta_t_seconds": 96.0,
        "pirep_time": "2024-12-18T15:52:00+00:00",
        "patch_id": "0000106_2024_12_df_row.nc"
      }
    },
    {
      "type": "Feature",
      "geometry": {
        "type": "Point",
        "coordinates": [
          -110.53980780066588,
          46.03808025002025
        ]
      },
      "properties": {
        "source": "nexrad",
        "aircraft_class": "l",
        "pred_class": 0,
        "probs": [
          0.9511977434158325,
          0.04880227893590927
        ],
        "severe_prob": 0.04880227893590927,
        "prob_max": 0.9511977434158325,
        "true_class": 1.0,
        "flight_level_ft": 17000.0,
        "delta_t_seconds": 258.0,
        "pirep_time": "2024-12-26T19:46:00+00:00",
        "patch_id": "0000115_2024_12_df_row.nc"
      }
    },
    {
      "type": "Feature",
      "geometry": {
        "type": "Point",
        "coordinates": [
          -72.05,
          41.33
        ]
      },
      "properties": {
        "source": "nexrad",
        "aircraft_class": "l",
        "pred_class": 1,
        "probs": [
          6.0023772675776854e-05,
          0.9999399185180664
        ],
        "severe_prob": 0.9999399185180664,
        "prob_max": 0.9999399185180664,
        "true_class": 1.0,
        "flight_level_ft": 8000.0,
        "delta_t_seconds": 269.0,
        "pirep_time": "2024-12-12T01:46:00+00:00",
        "patch_id": "0000116_2024_12_df_row.nc"
      }
    },
    {
      "type": "Feature",
      "geometry": {
        "type": "Point",
        "coordinates": [
          -122.54071227245078,
          37.72158855732584
        ]
      },
      "properties": {
        "source": "nexrad",
        "aircraft_class": "l",
        "pred_class": 1,
        "probs": [
          6.006373176603574e-09,
          1.0
        ],
        "severe_prob": 1.0,
        "prob_max": 1.0,
        "true_class": 1.0,
        "flight_level_ft": 12000.0,
        "delta_t_seconds": 39.0,
        "pirep_time": "2024-12-23T03:35:00+00:00",
        "patch_id": "0000117_2024_12_df_row.nc"
      }
    },
    {
      "type": "Feature",
      "geometry": {
        "type": "Point",
        "coordinates": [
          -75.93155246029026,
          39.327465128951495
        ]
      },
      "properties": {
        "source": "nexrad",
        "aircraft_class": "m",
        "pred_class": 1,
        "probs": [
          0.15200810134410858,
          0.8479918837547302
        ],
        "severe_prob": 0.8479918837547302,
        "prob_max": 0.8479918837547302,
        "true_class": 1.0,
        "flight_level_ft": 30000.0,
        "delta_t_seconds": 114.0,
        "pirep_time": "2024-12-11T22:38:00+00:00",
        "patch_id": "0000118_2024_12_df_row.nc"
      }
    },
    {
      "type": "Feature",
      "geometry": {
        "type": "Point",
        "coordinates": [
          -83.68802599071134,
          33.9486
        ]
      },
      "properties": {
        "source": "nexrad",
        "aircraft_class": "l",
        "pred_class": 1,
        "probs": [
          3.9048916988804194e-08,
          1.0
        ],
        "severe_prob": 1.0,
        "prob_max": 1.0,
        "true_class": 1.0,
        "flight_level_ft": 10000.0,
        "delta_t_seconds": 329.0,
        "pirep_time": "2024-12-18T23:10:00+00:00",
        "patch_id": "0000121_2024_12_df_row.nc"
      }
    },
    {
      "type": "Feature",
      "geometry": {
        "type": "Point",
        "coordinates": [
          -75.4655,
          44.68186
        ]
      },
      "properties": {
        "source": "nexrad",
        "aircraft_class": "l",
        "pred_class": 0,
        "probs": [
          0.8780335783958435,
          0.12196646630764008
        ],
        "severe_prob": 0.12196646630764008,
        "prob_max": 0.8780335783958435,
        "true_class": 0.0,
        "flight_level_ft": 6000.0,
        "delta_t_seconds": 184.0,
        "pirep_time": "2024-12-11T21:43:00+00:00",
        "patch_id": "0000127_2024_12_df_row.nc"
      }
    },
    {
      "type": "Feature",
      "geometry": {
        "type": "Point",
        "coordinates": [
          -104.48179673911666,
          40.08374611227665
        ]
      },
      "properties": {
        "source": "nexrad",
        "aircraft_class": "l",
        "pred_class": 0,
        "probs": [
          0.9823145866394043,
          0.017685463652014732
        ],
        "severe_prob": 0.017685463652014732,
        "prob_max": 0.9823145866394043,
        "true_class": 0.0,
        "flight_level_ft": 11500.0,
        "delta_t_seconds": 231.0,
        "pirep_time": "2024-12-27T03:47:00+00:00",
        "patch_id": "0000136_2024_12_df_row.nc"
      }
    },
    {
      "type": "Feature",
      "geometry": {
        "type": "Point",
        "coordinates": [
          -119.71521493456837,
          39.32288932227346
        ]
      },
      "properties": {
        "source": "nexrad",
        "aircraft_class": "m",
        "pred_class": 1,
        "probs": [
          3.821717768914823e-07,
          0.9999996423721313
        ],
        "severe_prob": 0.9999996423721313,
        "prob_max": 0.9999996423721313,
        "true_class": 1.0,
        "flight_level_ft": 11500.0,
        "delta_t_seconds": 283.0,
        "pirep_time": "2024-12-29T03:50:00+00:00",
        "patch_id": "0000137_2024_12_df_row.nc"
      }
    },
    {
      "type": "Feature",
      "geometry": {
        "type": "Point",
        "coordinates": [
          -95.5805998115102,
          31.12
        ]
      },
      "properties": {
        "source": "nexrad",
        "aircraft_class": "m",
        "pred_class": 1,
        "probs": [
          3.795107783588492e-09,
          1.0
        ],
        "severe_prob": 1.0,
        "prob_max": 1.0,
        "true_class": 1.0,
        "flight_level_ft": 23000.0,
        "delta_t_seconds": 88.0,
        "pirep_time": "2024-12-26T19:16:00+00:00",
        "patch_id": "0000140_2024_12_df_row.nc"
      }
    },
    {
      "type": "Feature",
      "geometry": {
        "type": "Point",
        "coordinates": [
          -104.85,
          39.23663966663967
        ]
      },
      "properties": {
        "source": "nexrad",
        "aircraft_class": "l",
        "pred_class": 1,
        "probs": [
          1.1110407882597428e-07,
          0.9999998807907104
        ],
        "severe_prob": 0.9999998807907104,
        "prob_max": 0.9999998807907104,
        "true_class": 1.0,
        "flight_level_ft": 11500.0,
        "delta_t_seconds": 343.0,
        "pirep_time": "2024-12-29T21:03:00+00:00",
        "patch_id": "0000142_2024_12_df_row.nc"
      }
    },
    {
      "type": "Feature",
      "geometry": {
        "type": "Point",
        "coordinates": [
          -82.5375,
          35.1319156999757
        ]
      },
      "properties": {
        "source": "nexrad",
        "aircraft_class": "l",
        "pred_class": 1,
        "probs": [
          3.002831908816006e-05,
          0.9999699592590332
        ],
        "severe_prob": 0.9999699592590332,
        "prob_max": 0.9999699592590332,
        "true_class": 1.0,
        "flight_level_ft": 6000.0,
        "delta_t_seconds": 477.0,
        "pirep_time": "2024-12-20T17:18:00+00:00",
        "patch_id": "0000144_2024_12_df_row.nc"
      }
    },
    {
      "type": "Feature",
      "geometry": {
        "type": "Point",
        "coordinates": [
          -105.2258217,
          40.0394297
        ]
      },
      "properties": {
        "source": "nexrad",
        "aircraft_class": "l",
        "pred_class": 1,
        "probs": [
          0.14281752705574036,
          0.857182502746582
        ],
        "severe_prob": 0.857182502746582,
        "prob_max": 0.857182502746582,
        "true_class": 1.0,
        "flight_level_ft": 6000.0,
        "delta_t_seconds": 222.0,
        "pirep_time": "2024-12-11T19:40:00+00:00",
        "patch_id": "0000151_2024_12_df_row.nc"
      }
    },
    {
      "type": "Feature",
      "geometry": {
        "type": "Point",
        "coordinates": [
          -80.40783,
          37.04095983331983
        ]
      },
      "properties": {
        "source": "nexrad",
        "aircraft_class": "l",
        "pred_class": 1,
        "probs": [
          0.12530183792114258,
          0.8746981620788574
        ],
        "severe_prob": 0.8746981620788574,
        "prob_max": 0.8746981620788574,
        "true_class": 1.0,
        "flight_level_ft": 11500.0,
        "delta_t_seconds": 264.0,
        "pirep_time": "2024-12-11T14:53:00+00:00",
        "patch_id": "0000153_2024_12_df_row.nc"
      }
    },
    {
      "type": "Feature",
      "geometry": {
        "type": "Point",
        "coordinates": [
          -118.72867810049398,
          34.2375568747985
        ]
      },
      "properties": {
        "source": "nexrad",
        "aircraft_class": "l",
        "pred_class": 1,
        "probs": [
          0.0014594688545912504,
          0.9985405206680298
        ],
        "severe_prob": 0.9985405206680298,
        "prob_max": 0.9985405206680298,
        "true_class": 1.0,
        "flight_level_ft": 3000.0,
        "delta_t_seconds": 129.0,
        "pirep_time": "2024-12-15T20:00:00+00:00",
        "patch_id": "0000154_2024_12_df_row.nc"
      }
    },
    {
      "type": "Feature",
      "geometry": {
        "type": "Point",
        "coordinates": [
          -81.89209,
          39.94445
        ]
      },
      "properties": {
        "source": "nexrad",
        "aircraft_class": "l",
        "pred_class": 0,
        "probs": [
          0.969977617263794,
          0.03002237342298031
        ],
        "severe_prob": 0.03002237342298031,
        "prob_max": 0.969977617263794,
        "true_class": 0.0,
        "flight_level_ft": 15500.0,
        "delta_t_seconds": 137.0,
        "pirep_time": "2024-12-15T11:14:00+00:00",
        "patch_id": "0000155_2024_12_df_row.nc"
      }
    },
    {
      "type": "Feature",
      "geometry": {
        "type": "Point",
        "coordinates": [
          -114.1246,
          46.587991333360335
        ]
      },
      "properties": {
        "source": "nexrad",
        "aircraft_class": "l",
        "pred_class": 0,
        "probs": [
          0.9044480919837952,
          0.09555184841156006
        ],
        "severe_prob": 0.09555184841156006,
        "prob_max": 0.9044480919837952,
        "true_class": 0.0,
        "flight_level_ft": 12000.0,
        "delta_t_seconds": 214.0,
        "pirep_time": "2024-12-28T23:15:00+00:00",
        "patch_id": "0000165_2024_12_df_row.nc"
      }
    },
    {
      "type": "Feature",
      "geometry": {
        "type": "Point",
        "coordinates": [
          -74.35972701885603,
          40.07231558453652
        ]
      },
      "properties": {
        "source": "nexrad",
        "aircraft_class": "l",
        "pred_class": 1,
        "probs": [
          0.009806334972381592,
          0.9901936650276184
        ],
        "severe_prob": 0.9901936650276184,
        "prob_max": 0.9901936650276184,
        "true_class": 1.0,
        "flight_level_ft": 6000.0,
        "delta_t_seconds": 389.0,
        "pirep_time": "2024-12-12T19:30:00+00:00",
        "patch_id": "0000167_2024_12_df_row.nc"
      }
    },
    {
      "type": "Feature",
      "geometry": {
        "type": "Point",
        "coordinates": [
          -96.98237316167746,
          29.983582200086754
        ]
      },
      "properties": {
        "source": "nexrad",
        "aircraft_class": "l",
        "pred_class": 1,
        "probs": [
          1.2520980590124964e-06,
          0.9999986886978149
        ],
        "severe_prob": 0.9999986886978149,
        "prob_max": 0.9999986886978149,
        "true_class": 1.0,
        "flight_level_ft": 14000.0,
        "delta_t_seconds": 213.0,
        "pirep_time": "2024-12-26T15:16:00+00:00",
        "patch_id": "0000169_2024_12_df_row.nc"
      }
    },
    {
      "type": "Feature",
      "geometry": {
        "type": "Point",
        "coordinates": [
          -86.29055262583647,
          36.03260999684462
        ]
      },
      "properties": {
        "source": "nexrad",
        "aircraft_class": "l",
        "pred_class": 1,
        "probs": [
          0.0002688145323190838,
          0.9997311234474182
        ],
        "severe_prob": 0.9997311234474182,
        "prob_max": 0.9997311234474182,
        "true_class": 1.0,
        "flight_level_ft": 5000.0,
        "delta_t_seconds": 267.0,
        "pirep_time": "2024-12-18T14:58:00+00:00",
        "patch_id": "0000173_2024_12_df_row.nc"
      }
    },
    {
      "type": "Feature",
      "geometry": {
        "type": "Point",
        "coordinates": [
          -122.26646316604898,
          44.46964622072404
        ]
      },
      "properties": {
        "source": "nexrad",
        "aircraft_class": "m",
        "pred_class": 0,
        "probs": [
          0.9921962022781372,
          0.00780378095805645
        ],
        "severe_prob": 0.00780378095805645,
        "prob_max": 0.9921962022781372,
        "true_class": 0.0,
        "flight_level_ft": 20000.0,
        "delta_t_seconds": 406.0,
        "pirep_time": "2024-12-13T18:06:00+00:00",
        "patch_id": "0000174_2024_12_df_row.nc"
      }
    },
    {
      "type": "Feature",
      "geometry": {
        "type": "Point",
        "coordinates": [
          -81.6719754569043,
          28.69723986480625
        ]
      },
      "properties": {
        "source": "nexrad",
        "aircraft_class": "m",
        "pred_class": 1,
        "probs": [
          0.029709000140428543,
          0.9702909588813782
        ],
        "severe_prob": 0.9702909588813782,
        "prob_max": 0.9702909588813782,
        "true_class": 1.0,
        "flight_level_ft": 13000.0,
        "delta_t_seconds": 112.0,
        "pirep_time": "2024-12-29T20:52:00+00:00",
        "patch_id": "0000176_2024_12_df_row.nc"
      }
    },
    {
      "type": "Feature",
      "geometry": {
        "type": "Point",
        "coordinates": [
          -82.1074843118899,
          31.20566443920416
        ]
      },
      "properties": {
        "source": "nexrad",
        "aircraft_class": "m",
        "pred_class": 0,
        "probs": [
          0.9997323155403137,
          0.00026768309180624783
        ],
        "severe_prob": 0.00026768309180624783,
        "prob_max": 0.9997323155403137,
        "true_class": 0.0,
        "flight_level_ft": 19000.0,
        "delta_t_seconds": 124.0,
        "pirep_time": "2024-12-11T12:32:00+00:00",
        "patch_id": "0000178_2024_12_df_row.nc"
      }
    },
    {
      "type": "Feature",
      "geometry": {
        "type": "Point",
        "coordinates": [
          -97.23349566718686,
          32.86788629280277
        ]
      },
      "properties": {
        "source": "nexrad",
        "aircraft_class": "l",
        "pred_class": 0,
        "probs": [
          0.9840601682662964,
          0.015939820557832718
        ],
        "severe_prob": 0.015939820557832718,
        "prob_max": 0.9840601682662964,
        "true_class": 0.0,
        "flight_level_ft": 8000.0,
        "delta_t_seconds": 209.0,
        "pirep_time": "2024-12-26T16:32:00+00:00",
        "patch_id": "0000179_2024_12_df_row.nc"
      }
    },
    {
      "type": "Feature",
      "geometry": {
        "type": "Point",
        "coordinates": [
          -121.90468577371824,
          47.09005643785628
        ]
      },
      "properties": {
        "source": "nexrad",
        "aircraft_class": "m",
        "pred_class": 1,
        "probs": [
          0.33428215980529785,
          0.6657178401947021
        ],
        "severe_prob": 0.6657178401947021,
        "prob_max": 0.6657178401947021,
        "true_class": 1.0,
        "flight_level_ft": 8000.0,
        "delta_t_seconds": 397.0,
        "pirep_time": "2024-12-20T01:51:00+00:00",
        "patch_id": "0000184_2024_12_df_row.nc"
      }
    },
    {
      "type": "Feature",
      "geometry": {
        "type": "Point",
        "coordinates": [
          -74.12929588455174,
          39.68665586665587
        ]
      },
      "properties": {
        "source": "nexrad",
        "aircraft_class": "l",
        "pred_class": 1,
        "probs": [
          0.00010288654448231682,
          0.9998971223831177
        ],
        "severe_prob": 0.9998971223831177,
        "prob_max": 0.9998971223831177,
        "true_class": 1.0,
        "flight_level_ft": 16500.0,
        "delta_t_seconds": 230.0,
        "pirep_time": "2024-12-05T15:06:00+00:00",
        "patch_id": "0000186_2024_12_df_row.nc"
      }
    },
    {
      "type": "Feature",
      "geometry": {
        "type": "Point",
        "coordinates": [
          -76.94164133309262,
          38.43683019895001
        ]
      },
      "properties": {
        "source": "nexrad",
        "aircraft_class": "m",
        "pred_class": 1,
        "probs": [
          0.009903552010655403,
          0.9900964498519897
        ],
        "severe_prob": 0.9900964498519897,
        "prob_max": 0.9900964498519897,
        "true_class": 1.0,
        "flight_level_ft": 12000.0,
        "delta_t_seconds": 204.0,
        "pirep_time": "2024-12-11T20:15:00+00:00",
        "patch_id": "0000191_2024_12_df_row.nc"
      }
    },
    {
      "type": "Feature",
      "geometry": {
        "type": "Point",
        "coordinates": [
          -112.12658023707282,
          39.73869776350242
        ]
      },
      "properties": {
        "source": "nexrad",
        "aircraft_class": "l",
        "pred_class": 0,
        "probs": [
          0.8657291531562805,
          0.13427090644836426
        ],
        "severe_prob": 0.13427090644836426,
        "prob_max": 0.8657291531562805,
        "true_class": 1.0,
        "flight_level_ft": 22000.0,
        "delta_t_seconds": 201.0,
        "pirep_time": "2024-12-30T02:31:00+00:00",
        "patch_id": "0000192_2024_12_df_row.nc"
      }
    },
    {
      "type": "Feature",
      "geometry": {
        "type": "Point",
        "coordinates": [
          -82.65966267476172,
          28.84221244223251
        ]
      },
      "properties": {
        "source": "nexrad",
        "aircraft_class": "l",
        "pred_class": 1,
        "probs": [
          8.140171848936006e-05,
          0.9999185800552368
        ],
        "severe_prob": 0.9999185800552368,
        "prob_max": 0.9999185800552368,
        "true_class": 1.0,
        "flight_level_ft": 21000.0,
        "delta_t_seconds": 235.0,
        "pirep_time": "2024-12-11T15:57:00+00:00",
        "patch_id": "0000197_2024_12_df_row.nc"
      }
    },
    {
      "type": "Feature",
      "geometry": {
        "type": "Point",
        "coordinates": [
          -104.6575,
          39.8328
        ]
      },
      "properties": {
        "source": "nexrad",
        "aircraft_class": "m",
        "pred_class": 0,
        "probs": [
          0.7588511109352112,
          0.2411489188671112
        ],
        "severe_prob": 0.2411489188671112,
        "prob_max": 0.7588511109352112,
        "true_class": 1.0,
        "flight_level_ft": 7000.0,
        "delta_t_seconds": 249.0,
        "pirep_time": "2024-12-09T04:15:00+00:00",
        "patch_id": "0000199_2024_12_df_row.nc"
      }
    },
    {
      "type": "Feature",
      "geometry": {
        "type": "Point",
        "coordinates": [
          -81.37,
          39.44
        ]
      },
      "properties": {
        "source": "nexrad",
        "aircraft_class": "m",
        "pred_class": 1,
        "probs": [
          7.436287141615594e-09,
          1.0
        ],
        "severe_prob": 1.0,
        "prob_max": 1.0,
        "true_class": 1.0,
        "flight_level_ft": 16000.0,
        "delta_t_seconds": 247.0,
        "pirep_time": "2024-12-11T14:18:00+00:00",
        "patch_id": "0000203_2024_12_df_row.nc"
      }
    },
    {
      "type": "Feature",
      "geometry": {
        "type": "Point",
        "coordinates": [
          -119.77111,
          39.35054586665587
        ]
      },
      "properties": {
        "source": "nexrad",
        "aircraft_class": "l",
        "pred_class": 1,
        "probs": [
          0.0012960141757503152,
          0.9987039566040039
        ],
        "severe_prob": 0.9987039566040039,
        "prob_max": 0.9987039566040039,
        "true_class": 1.0,
        "flight_level_ft": 8000.0,
        "delta_t_seconds": 257.0,
        "pirep_time": "2024-12-28T06:14:00+00:00",
        "patch_id": "0000205_2024_12_df_row.nc"
      }
    },
    {
      "type": "Feature",
      "geometry": {
        "type": "Point",
        "coordinates": [
          -86.19089828229559,
          36.01103999605578
        ]
      },
      "properties": {
        "source": "nexrad",
        "aircraft_class": "l",
        "pred_class": 1,
        "probs": [
          0.020663632079958916,
          0.9793364405632019
        ],
        "severe_prob": 0.9793364405632019,
        "prob_max": 0.9793364405632019,
        "true_class": 1.0,
        "flight_level_ft": 5000.0,
        "delta_t_seconds": 80.0,
        "pirep_time": "2024-12-18T15:01:00+00:00",
        "patch_id": "0000210_2024_12_df_row.nc"
      }
    },
    {
      "type": "Feature",
      "geometry": {
        "type": "Point",
        "coordinates": [
          -105.11719,
          39.90881
        ]
      },
      "properties": {
        "source": "nexrad",
        "aircraft_class": "l",
        "pred_class": 1,
        "probs": [
          0.08696058392524719,
          0.9130393862724304
        ],
        "severe_prob": 0.9130393862724304,
        "prob_max": 0.9130393862724304,
        "true_class": 1.0,
        "flight_level_ft": 6500.0,
        "delta_t_seconds": 384.0,
        "pirep_time": "2024-12-17T17:19:00+00:00",
        "patch_id": "0000216_2024_12_df_row.nc"
      }
    },
    {
      "type": "Feature",
      "geometry": {
        "type": "Point",
        "coordinates": [
          -104.97813607776388,
          39.78938443920415
        ]
      },
      "properties": {
        "source": "nexrad",
        "aircraft_class": "l",
        "pred_class": 1,
        "probs": [
          7.928300874482375e-06,
          0.9999920129776001
        ],
        "severe_prob": 0.9999920129776001,
        "prob_max": 0.9999920129776001,
        "true_class": 1.0,
        "flight_level_ft": 8000.0,
        "delta_t_seconds": 246.0,
        "pirep_time": "2024-12-29T23:45:00+00:00",
        "patch_id": "0000226_2024_12_df_row.nc"
      }
    },
    {
      "type": "Feature",
      "geometry": {
        "type": "Point",
        "coordinates": [
          -94.97582912946838,
          29.9844
        ]
      },
      "properties": {
        "source": "nexrad",
        "aircraft_class": "m",
        "pred_class": 0,
        "probs": [
          0.9952375888824463,
          0.0047624316066503525
        ],
        "severe_prob": 0.0047624316066503525,
        "prob_max": 0.9952375888824463,
        "true_class": 0.0,
        "flight_level_ft": 14000.0,
        "delta_t_seconds": 309.0,
        "pirep_time": "2024-12-26T19:43:00+00:00",
        "patch_id": "0000233_2024_12_df_row.nc"
      }
    },
    {
      "type": "Feature",
      "geometry": {
        "type": "Point",
        "coordinates": [
          -118.64979768415516,
          34.22134170698265
        ]
      },
      "properties": {
        "source": "nexrad",
        "aircraft_class": "l",
        "pred_class": 1,
        "probs": [
          1.044206328515429e-05,
          0.9999895095825195
        ],
        "severe_prob": 0.9999895095825195,
        "prob_max": 0.9999895095825195,
        "true_class": 1.0,
        "flight_level_ft": 3600.0,
        "delta_t_seconds": 381.0,
        "pirep_time": "2024-12-15T20:11:00+00:00",
        "patch_id": "0000237_2024_12_df_row.nc"
      }
    },
    {
      "type": "Feature",
      "geometry": {
        "type": "Point",
        "coordinates": [
          -80.27587683119023,
          40.02
        ]
      },
      "properties": {
        "source": "nexrad",
        "aircraft_class": "m",
        "pred_class": 0,
        "probs": [
          0.5300761461257935,
          0.46992388367652893
        ],
        "severe_prob": 0.46992388367652893,
        "prob_max": 0.5300761461257935,
        "true_class": 0.0,
        "flight_level_ft": 13000.0,
        "delta_t_seconds": 200.0,
        "pirep_time": "2024-12-29T23:25:00+00:00",
        "patch_id": "0000240_2024_12_df_row.nc"
      }
    },
    {
      "type": "Feature",
      "geometry": {
        "type": "Point",
        "coordinates": [
          -104.87373769240511,
          37.99534830962787
        ]
      },
      "properties": {
        "source": "nexrad",
        "aircraft_class": "l",
        "pred_class": 1,
        "probs": [
          1.1535706612164631e-08,
          1.0
        ],
        "severe_prob": 1.0,
        "prob_max": 1.0,
        "true_class": 1.0,
        "flight_level_ft": 11000.0,
        "delta_t_seconds": 56.0,
        "pirep_time": "2024-12-15T18:49:00+00:00",
        "patch_id": "0000241_2024_12_df_row.nc"
      }
    },
    {
      "type": "Feature",
      "geometry": {
        "type": "Point",
        "coordinates": [
          -122.28554702324784,
          47.38093118555162
        ]
      },
      "properties": {
        "source": "nexrad",
        "aircraft_class": "l",
        "pred_class": 0,
        "probs": [
          0.8956717252731323,
          0.1043282225728035
        ],
        "severe_prob": 0.1043282225728035,
        "prob_max": 0.8956717252731323,
        "true_class": 0.0,
        "flight_level_ft": 4800.0,
        "delta_t_seconds": 3.0,
        "pirep_time": "2024-12-25T23:46:00+00:00",
        "patch_id": "0000244_2024_12_df_row.nc"
      }
    },
    {
      "type": "Feature",
      "geometry": {
        "type": "Point",
        "coordinates": [
          -80.81873398319613,
          27.75258244738784
        ]
      },
      "properties": {
        "source": "nexrad",
        "aircraft_class": "l",
        "pred_class": 0,
        "probs": [
          0.9748859405517578,
          0.025114094838500023
        ],
        "severe_prob": 0.025114094838500023,
        "prob_max": 0.9748859405517578,
        "true_class": 0.0,
        "flight_level_ft": 6000.0,
        "delta_t_seconds": 274.0,
        "pirep_time": "2024-12-29T17:10:00+00:00",
        "patch_id": "0000245_2024_12_df_row.nc"
      }
    },
    {
      "type": "Feature",
      "geometry": {
        "type": "Point",
        "coordinates": [
          -77.87,
          38.72334008334008
        ]
      },
      "properties": {
        "source": "nexrad",
        "aircraft_class": "l",
        "pred_class": 1,
        "probs": [
          7.295193338308081e-10,
          1.0
        ],
        "severe_prob": 1.0,
        "prob_max": 1.0,
        "true_class": 1.0,
        "flight_level_ft": 7000.0,
        "delta_t_seconds": 163.0,
        "pirep_time": "2024-12-11T14:45:00+00:00",
        "patch_id": "0000249_2024_12_df_row.nc"
      }
    },
    {
      "type": "Feature",
      "geometry": {
        "type": "Point",
        "coordinates": [
          -119.72985846121225,
          39.30332728753801
        ]
      },
      "properties": {
        "source": "nexrad",
        "aircraft_class": "l",
        "pred_class": 1,
        "probs": [
          6.460384724960022e-07,
          0.9999994039535522
        ],
        "severe_prob": 0.9999994039535522,
        "prob_max": 0.9999994039535522,
        "true_class": 1.0,
        "flight_level_ft": 11000.0,
        "delta_t_seconds": 9.0,
        "pirep_time": "2024-12-28T00:27:00+00:00",
        "patch_id": "0000250_2024_12_df_row.nc"
      }
    },
    {
      "type": "Feature",
      "geometry": {
        "type": "Point",
        "coordinates": [
          -105.27980348491472,
          40.16741335605183
        ]
      },
      "properties": {
        "source": "nexrad",
        "aircraft_class": "m",
        "pred_class": 0,
        "probs": [
          0.9999136924743652,
          8.633409743197262e-05
        ],
        "severe_prob": 8.633409743197262e-05,
        "prob_max": 0.9999136924743652,
        "true_class": 0.0,
        "flight_level_ft": 17000.0,
        "delta_t_seconds": 569.0,
        "pirep_time": "2024-12-29T04:00:00+00:00",
        "patch_id": "0000251_2024_12_df_row.nc"
      }
    },
    {
      "type": "Feature",
      "geometry": {
        "type": "Point",
        "coordinates": [
          -86.31639,
          41.70722
        ]
      },
      "properties": {
        "source": "nexrad",
        "aircraft_class": "l",
        "pred_class": 0,
        "probs": [
          0.9883927702903748,
          0.011607292108237743
        ],
        "severe_prob": 0.011607292108237743,
        "prob_max": 0.9883927702903748,
        "true_class": 0.0,
        "flight_level_ft": 10000.0,
        "delta_t_seconds": 166.0,
        "pirep_time": "2024-12-29T20:40:00+00:00",
        "patch_id": "0000253_2024_12_df_row.nc"
      }
    },
    {
      "type": "Feature",
      "geometry": {
        "type": "Point",
        "coordinates": [
          -95.15887824347418,
          33.86494545463573
        ]
      },
      "properties": {
        "source": "nexrad",
        "aircraft_class": "m",
        "pred_class": 1,
        "probs": [
          0.0005014619091525674,
          0.9994984865188599
        ],
        "severe_prob": 0.9994984865188599,
        "prob_max": 0.9994984865188599,
        "true_class": 1.0,
        "flight_level_ft": 27000.0,
        "delta_t_seconds": 260.0,
        "pirep_time": "2024-12-08T00:51:00+00:00",
        "patch_id": "0000254_2024_12_df_row.nc"
      }
    },
    {
      "type": "Feature",
      "geometry": {
        "type": "Point",
        "coordinates": [
          -82.00556840879116,
          29.777211961746247
        ]
      },
      "properties": {
        "source": "nexrad",
        "aircraft_class": "m",
        "pred_class": 1,
        "probs": [
          0.002613868098706007,
          0.9973861575126648
        ],
        "severe_prob": 0.9973861575126648,
        "prob_max": 0.9973861575126648,
        "true_class": 1.0,
        "flight_level_ft": 22000.0,
        "delta_t_seconds": 140.0,
        "pirep_time": "2024-12-11T15:51:00+00:00",
        "patch_id": "0000255_2024_12_df_row.nc"
      }
    },
    {
      "type": "Feature",
      "geometry": {
        "type": "Point",
        "coordinates": [
          -83.25327898326263,
          27.91
        ]
      },
      "properties": {
        "source": "nexrad",
        "aircraft_class": "m",
        "pred_class": 1,
        "probs": [
          4.237958364683436e-06,
          0.9999957084655762
        ],
        "severe_prob": 0.9999957084655762,
        "prob_max": 0.9999957084655762,
        "true_class": 1.0,
        "flight_level_ft": 30000.0,
        "delta_t_seconds": 149.0,
        "pirep_time": "2024-12-29T20:48:00+00:00",
        "patch_id": "0000263_2024_12_df_row.nc"
      }
    },
    {
      "type": "Feature",
      "geometry": {
        "type": "Point",
        "coordinates": [
          -77.68426547793857,
          38.93
        ]
      },
      "properties": {
        "source": "nexrad",
        "aircraft_class": "m",
        "pred_class": 1,
        "probs": [
          6.192607315824716e-08,
          0.9999998807907104
        ],
        "severe_prob": 0.9999998807907104,
        "prob_max": 0.9999998807907104,
        "true_class": 1.0,
        "flight_level_ft": 10000.0,
        "delta_t_seconds": 144.0,
        "pirep_time": "2024-12-11T18:06:00+00:00",
        "patch_id": "0000264_2024_12_df_row.nc"
      }
    },
    {
      "type": "Feature",
      "geometry": {
        "type": "Point",
        "coordinates": [
          -119.77111,
          39.23386974997975
        ]
      },
      "properties": {
        "source": "nexrad",
        "aircraft_class": "m",
        "pred_class": 1,
        "probs": [
          0.00904235988855362,
          0.9909576177597046
        ],
        "severe_prob": 0.9909576177597046,
        "prob_max": 0.9909576177597046,
        "true_class": 1.0,
        "flight_level_ft": 9000.0,
        "delta_t_seconds": 362.0,
        "pirep_time": "2024-12-28T08:35:00+00:00",
        "patch_id": "0000265_2024_12_df_row.nc"
      }
    },
    {
      "type": "Feature",
      "geometry": {
        "type": "Point",
        "coordinates": [
          -149.56774511380442,
          61.095889633153256
        ]
      },
      "properties": {
        "source": "nexrad",
        "aircraft_class": "m",
        "pred_class": 1,
        "probs": [
          6.308594180381988e-08,
          0.9999998807907104
        ],
        "severe_prob": 0.9999998807907104,
        "prob_max": 0.9999998807907104,
        "true_class": 1.0,
        "flight_level_ft": 9000.0,
        "delta_t_seconds": 29.0,
        "pirep_time": "2024-12-10T22:32:00+00:00",
        "patch_id": "0000266_2024_12_df_row.nc"
      }
    },
    {
      "type": "Feature",
      "geometry": {
        "type": "Point",
        "coordinates": [
          -122.37489,
          37.61897
        ]
      },
      "properties": {
        "source": "nexrad",
        "aircraft_class": "l",
        "pred_class": 1,
        "probs": [
          7.202014330687234e-06,
          0.999992847442627
        ],
        "severe_prob": 0.999992847442627,
        "prob_max": 0.999992847442627,
        "true_class": 1.0,
        "flight_level_ft": 12000.0,
        "delta_t_seconds": 39.0,
        "pirep_time": "2024-12-23T03:35:00+00:00",
        "patch_id": "0000267_2024_12_df_row.nc"
      }
    },
    {
      "type": "Feature",
      "geometry": {
        "type": "Point",
        "coordinates": [
          -91.544535,
          41.63939
        ]
      },
      "properties": {
        "source": "nexrad",
        "aircraft_class": "l",
        "pred_class": 0,
        "probs": [
          0.6291980743408203,
          0.3708018958568573
        ],
        "severe_prob": 0.3708018958568573,
        "prob_max": 0.6291980743408203,
        "true_class": 0.0,
        "flight_level_ft": 11000.0,
        "delta_t_seconds": 183.0,
        "pirep_time": "2024-12-12T20:11:00+00:00",
        "patch_id": "0000276_2024_12_df_row.nc"
      }
    },
    {
      "type": "Feature",
      "geometry": {
        "type": "Point",
        "coordinates": [
          -121.8676357939515,
          47.585574164618045
        ]
      },
      "properties": {
        "source": "nexrad",
        "aircraft_class": "h",
        "pred_class": 1,
        "probs": [
          0.001124379225075245,
          0.9988755583763123
        ],
        "severe_prob": 0.9988755583763123,
        "prob_max": 0.9988755583763123,
        "true_class": 1.0,
        "flight_level_ft": 10000.0,
        "delta_t_seconds": 140.0,
        "pirep_time": "2024-12-24T03:51:00+00:00",
        "patch_id": "0000277_2024_12_df_row.nc"
      }
    },
    {
      "type": "Feature",
      "geometry": {
        "type": "Point",
        "coordinates": [
          -135.36,
          57.04
        ]
      },
      "properties": {
        "source": "nexrad",
        "aircraft_class": "m",
        "pred_class": 1,
        "probs": [
          0.0005976901738904417,
          0.9994022846221924
        ],
        "severe_prob": 0.9994022846221924,
        "prob_max": 0.9994022846221924,
        "true_class": 1.0,
        "flight_level_ft": 8000.0,
        "delta_t_seconds": 206.0,
        "pirep_time": "2024-12-22T16:02:00+00:00",
        "patch_id": "0000281_2024_12_df_row.nc"
      }
    },
    {
      "type": "Feature",
      "geometry": {
        "type": "Point",
        "coordinates": [
          -85.00974714694064,
          31.739710173149263
        ]
      },
      "properties": {
        "source": "nexrad",
        "aircraft_class": "m",
        "pred_class": 0,
        "probs": [
          0.9993420243263245,
          0.0006579492473974824
        ],
        "severe_prob": 0.0006579492473974824,
        "prob_max": 0.9993420243263245,
        "true_class": 0.0,
        "flight_level_ft": 22000.0,
        "delta_t_seconds": 178.0,
        "pirep_time": "2024-12-29T13:55:00+00:00",
        "patch_id": "0000282_2024_12_df_row.nc"
      }
    },
    {
      "type": "Feature",
      "geometry": {
        "type": "Point",
        "coordinates": [
          -104.85,
          39.57
        ]
      },
      "properties": {
        "source": "nexrad",
        "aircraft_class": "l",
        "pred_class": 1,
        "probs": [
          0.0469709075987339,
          0.9530290961265564
        ],
        "severe_prob": 0.9530290961265564,
        "prob_max": 0.9530290961265564,
        "true_class": 1.0,
        "flight_level_ft": 8400.0,
        "delta_t_seconds": 386.0,
        "pirep_time": "2024-12-18T00:50:00+00:00",
        "patch_id": "0000291_2024_12_df_row.nc"
      }
    },
    {
      "type": "Feature",
      "geometry": {
        "type": "Point",
        "coordinates": [
          -104.6575,
          39.8328
        ]
      },
      "properties": {
        "source": "nexrad",
        "aircraft_class": "m",
        "pred_class": 0,
        "probs": [
          0.8966459631919861,
          0.10335402935743332
        ],
        "severe_prob": 0.10335402935743332,
        "prob_max": 0.8966459631919861,
        "true_class": 0.0,
        "flight_level_ft": 7000.0,
        "delta_t_seconds": 158.0,
        "pirep_time": "2024-12-13T15:38:00+00:00",
        "patch_id": "0000296_2024_12_df_row.nc"
      }
    },
    {
      "type": "Feature",
      "geometry": {
        "type": "Point",
        "coordinates": [
          -122.50562184585216,
          47.80182580238371
        ]
      },
      "properties": {
        "source": "nexrad",
        "aircraft_class": "l",
        "pred_class": 0,
        "probs": [
          0.995849609375,
          0.0041504199616611
        ],
        "severe_prob": 0.0041504199616611,
        "prob_max": 0.995849609375,
        "true_class": 0.0,
        "flight_level_ft": 25000.0,
        "delta_t_seconds": 3.0,
        "pirep_time": "2024-12-25T18:02:00+00:00",
        "patch_id": "0000297_2024_12_df_row.nc"
      }
    },
    {
      "type": "Feature",
      "geometry": {
        "type": "Point",
        "coordinates": [
          -104.6575,
          39.8328
        ]
      },
      "properties": {
        "source": "nexrad",
        "aircraft_class": "m",
        "pred_class": 0,
        "probs": [
          0.8758755922317505,
          0.12412441521883011
        ],
        "severe_prob": 0.12412441521883011,
        "prob_max": 0.8758755922317505,
        "true_class": 0.0,
        "flight_level_ft": 7000.0,
        "delta_t_seconds": 207.0,
        "pirep_time": "2024-12-15T17:12:00+00:00",
        "patch_id": "0000298_2024_12_df_row.nc"
      }
    },
    {
      "type": "Feature",
      "geometry": {
        "type": "Point",
        "coordinates": [
          -81.68786,
          30.827420333360333
        ]
      },
      "properties": {
        "source": "nexrad",
        "aircraft_class": "m",
        "pred_class": 1,
        "probs": [
          7.889782136771828e-05,
          0.9999210834503174
        ],
        "severe_prob": 0.9999210834503174,
        "prob_max": 0.9999210834503174,
        "true_class": 1.0,
        "flight_level_ft": 6000.0,
        "delta_t_seconds": 291.0,
        "pirep_time": "2024-12-29T15:45:00+00:00",
        "patch_id": "0000303_2024_12_df_row.nc"
      }
    },
    {
      "type": "Feature",
      "geometry": {
        "type": "Point",
        "coordinates": [
          -119.5853039723146,
          39.27908540108227
        ]
      },
      "properties": {
        "source": "nexrad",
        "aircraft_class": "m",
        "pred_class": 0,
        "probs": [
          0.9988994598388672,
          0.0011004640255123377
        ],
        "severe_prob": 0.0011004640255123377,
        "prob_max": 0.9988994598388672,
        "true_class": 0.0,
        "flight_level_ft": 13000.0,
        "delta_t_seconds": 200.0,
        "pirep_time": "2024-12-30T02:20:00+00:00",
        "patch_id": "0000304_2024_12_df_row.nc"
      }
    },
    {
      "type": "Feature",
      "geometry": {
        "type": "Point",
        "coordinates": [
          -77.87,
          38.4399837999838
        ]
      },
      "properties": {
        "source": "nexrad",
        "aircraft_class": "m",
        "pred_class": 1,
        "probs": [
          0.00044453921145759523,
          0.9995554089546204
        ],
        "severe_prob": 0.9995554089546204,
        "prob_max": 0.9995554089546204,
        "true_class": 1.0,
        "flight_level_ft": 11000.0,
        "delta_t_seconds": 89.0,
        "pirep_time": "2024-12-11T21:06:00+00:00",
        "patch_id": "0000306_2024_12_df_row.nc"
      }
    },
    {
      "type": "Feature",
      "geometry": {
        "type": "Point",
        "coordinates": [
          -83.17965360182666,
          42.84229101422328
        ]
      },
      "properties": {
        "source": "nexrad",
        "aircraft_class": "l",
        "pred_class": 0,
        "probs": [
          0.9315574765205383,
          0.06844251602888107
        ],
        "severe_prob": 0.06844251602888107,
        "prob_max": 0.9315574765205383,
        "true_class": 0.0,
        "flight_level_ft": 3000.0,
        "delta_t_seconds": 270.0,
        "pirep_time": "2024-12-06T00:01:00+00:00",
        "patch_id": "0000309_2024_12_df_row.nc"
      }
    },
    {
      "type": "Feature",
      "geometry": {
        "type": "Point",
        "coordinates": [
          -78.24852930142741,
          38.33016662319523
        ]
      },
      "properties": {
        "source": "nexrad",
        "aircraft_class": "l",
        "pred_class": 1,
        "probs": [
          0.0006854763487353921,
          0.999314546585083
        ],
        "severe_prob": 0.999314546585083,
        "prob_max": 0.999314546585083,
        "true_class": 1.0,
        "flight_level_ft": 3500.0,
        "delta_t_seconds": 233.0,
        "pirep_time": "2024-12-29T19:37:00+00:00",
        "patch_id": "0000310_2024_12_df_row.nc"
      }
    },
    {
      "type": "Feature",
      "geometry": {
        "type": "Point",
        "coordinates": [
          -82.5375,
          35.43194
        ]
      },
      "properties": {
        "source": "nexrad",
        "aircraft_class": "m",
        "pred_class": 0,
        "probs": [
          0.9184080958366394,
          0.08159192651510239
        ],
        "severe_prob": 0.08159192651510239,
        "prob_max": 0.9184080958366394,
        "true_class": 0.0,
        "flight_level_ft": 8000.0,
        "delta_t_seconds": 247.0,
        "pirep_time": "2024-12-04T19:52:00+00:00",
        "patch_id": "0000311_2024_12_df_row.nc"
      }
    },
    {
      "type": "Feature",
      "geometry": {
        "type": "Point",
        "coordinates": [
          -81.20917642240121,
          29.30056
        ]
      },
      "properties": {
        "source": "nexrad",
        "aircraft_class": "m",
        "pred_class": 1,
        "probs": [
          0.027889659628272057,
          0.9721102714538574
        ],
        "severe_prob": 0.9721102714538574,
        "prob_max": 0.9721102714538574,
        "true_class": 1.0,
        "flight_level_ft": 7000.0,
        "delta_t_seconds": 76.0,
        "pirep_time": "2024-12-29T21:32:00+00:00",
        "patch_id": "0000314_2024_12_df_row.nc"
      }
    },
    {
      "type": "Feature",
      "geometry": {
        "type": "Point",
        "coordinates": [
          -122.28157,
          47.90699
        ]
      },
      "properties": {
        "source": "nexrad",
        "aircraft_class": "l",
        "pred_class": 1,
        "probs": [
          4.766132406075485e-05,
          0.9999523162841797
        ],
        "severe_prob": 0.9999523162841797,
        "prob_max": 0.9999523162841797,
        "true_class": 1.0,
        "flight_level_ft": 2000.0,
        "delta_t_seconds": 10.0,
        "pirep_time": "2024-12-20T20:35:00+00:00",
        "patch_id": "0000323_2024_12_df_row.nc"
      }
    },
    {
      "type": "Feature",
      "geometry": {
        "type": "Point",
        "coordinates": [
          -87.95,
          42.22
        ]
      },
      "properties": {
        "source": "nexrad",
        "aircraft_class": "l",
        "pred_class": 0,
        "probs": [
          0.974486768245697,
          0.0255132969468832
        ],
        "severe_prob": 0.0255132969468832,
        "prob_max": 0.974486768245697,
        "true_class": 0.0,
        "flight_level_ft": 5000.0,
        "delta_t_seconds": 50.0,
        "pirep_time": "2024-12-30T23:21:00+00:00",
        "patch_id": "0000328_2024_12_df_row.nc"
      }
    },
    {
      "type": "Feature",
      "geometry": {
        "type": "Point",
        "coordinates": [
          -80.16223087,
          25.695347376635617
        ]
      },
      "properties": {
        "source": "nexrad",
        "aircraft_class": "l",
        "pred_class": 0,
        "probs": [
          0.9796924591064453,
          0.02030748873949051
        ],
        "severe_prob": 0.02030748873949051,
        "prob_max": 0.9796924591064453,
        "true_class": 0.0,
        "flight_level_ft": 1600.0,
        "delta_t_seconds": 467.0,
        "pirep_time": "2024-12-13T22:07:00+00:00",
        "patch_id": "0000335_2024_12_df_row.nc"
      }
    },
    {
      "type": "Feature",
      "geometry": {
        "type": "Point",
        "coordinates": [
          -119.71628943772484,
          39.283778119370005
        ]
      },
      "properties": {
        "source": "nexrad",
        "aircraft_class": "l",
        "pred_class": 1,
        "probs": [
          1.9526241601397487e-07,
          0.9999997615814209
        ],
        "severe_prob": 0.9999997615814209,
        "prob_max": 0.9999997615814209,
        "true_class": 1.0,
        "flight_level_ft": 12000.0,
        "delta_t_seconds": 203.0,
        "pirep_time": "2024-12-27T05:45:00+00:00",
        "patch_id": "0000340_2024_12_df_row.nc"
      }
    },
    {
      "type": "Feature",
      "geometry": {
        "type": "Point",
        "coordinates": [
          -85.86381185486177,
          36.11889
        ]
      },
      "properties": {
        "source": "nexrad",
        "aircraft_class": "l",
        "pred_class": 1,
        "probs": [
          2.3041468466544757e-06,
          0.9999977350234985
        ],
        "severe_prob": 0.9999977350234985,
        "prob_max": 0.9999977350234985,
        "true_class": 1.0,
        "flight_level_ft": 5000.0,
        "delta_t_seconds": 80.0,
        "pirep_time": "2024-12-18T15:01:00+00:00",
        "patch_id": "0000349_2024_12_df_row.nc"
      }
    },
    {
      "type": "Feature",
      "geometry": {
        "type": "Point",
        "coordinates": [
          -75.77866554525266,
          39.92
        ]
      },
      "properties": {
        "source": "nexrad",
        "aircraft_class": "l",
        "pred_class": 0,
        "probs": [
          0.9977973699569702,
          0.002202667761594057
        ],
        "severe_prob": 0.002202667761594057,
        "prob_max": 0.9977973699569702,
        "true_class": 0.0,
        "flight_level_ft": 13000.0,
        "delta_t_seconds": 330.0,
        "pirep_time": "2024-12-11T20:42:00+00:00",
        "patch_id": "0000352_2024_12_df_row.nc"
      }
    },
    {
      "type": "Feature",
      "geometry": {
        "type": "Point",
        "coordinates": [
          -117.32256,
          47.61614793332793
        ]
      },
      "properties": {
        "source": "nexrad",
        "aircraft_class": "l",
        "pred_class": 1,
        "probs": [
          0.0004117040371056646,
          0.9995883107185364
        ],
        "severe_prob": 0.9995883107185364,
        "prob_max": 0.9995883107185364,
        "true_class": 1.0,
        "flight_level_ft": 5000.0,
        "delta_t_seconds": 280.0,
        "pirep_time": "2024-12-18T16:42:00+00:00",
        "patch_id": "0000355_2024_12_df_row.nc"
      }
    },
    {
      "type": "Feature",
      "geometry": {
        "type": "Point",
        "coordinates": [
          -88.43241172317272,
          37.39962695733018
        ]
      },
      "properties": {
        "source": "nexrad",
        "aircraft_class": "m",
        "pred_class": 0,
        "probs": [
          0.9998677968978882,
          0.0001321531890425831
        ],
        "severe_prob": 0.0001321531890425831,
        "prob_max": 0.9998677968978882,
        "true_class": 0.0,
        "flight_level_ft": 25000.0,
        "delta_t_seconds": 72.0,
        "pirep_time": "2024-12-08T23:03:00+00:00",
        "patch_id": "0000356_2024_12_df_row.nc"
      }
    },
    {
      "type": "Feature",
      "geometry": {
        "type": "Point",
        "coordinates": [
          -105.11719,
          39.90881
        ]
      },
      "properties": {
        "source": "nexrad",
        "aircraft_class": "l",
        "pred_class": 0,
        "probs": [
          0.9363897442817688,
          0.06361029297113419
        ],
        "severe_prob": 0.06361029297113419,
        "prob_max": 0.9363897442817688,
        "true_class": 0.0,
        "flight_level_ft": 8000.0,
        "delta_t_seconds": 12.0,
        "pirep_time": "2024-12-30T03:20:00+00:00",
        "patch_id": "0000362_2024_12_df_row.nc"
      }
    },
    {
      "type": "Feature",
      "geometry": {
        "type": "Point",
        "coordinates": [
          -119.66,
          39.06329553329554
        ]
      },
      "properties": {
        "source": "nexrad",
        "aircraft_class": "l",
        "pred_class": 1,
        "probs": [
          4.743027602671646e-06,
          0.999995231628418
        ],
        "severe_prob": 0.999995231628418,
        "prob_max": 0.999995231628418,
        "true_class": 1.0,
        "flight_level_ft": 9000.0,
        "delta_t_seconds": 136.0,
        "pirep_time": "2024-12-21T22:50:00+00:00",
        "patch_id": "0000373_2024_12_df_row.nc"
      }
    },
    {
      "type": "Feature",
      "geometry": {
        "type": "Point",
        "coordinates": [
          -93.30519996990856,
          31.439626957330173
        ]
      },
      "properties": {
        "source": "nexrad",
        "aircraft_class": "m",
        "pred_class": 1,
        "probs": [
          0.015885652974247932,
          0.9841142892837524
        ],
        "severe_prob": 0.9841142892837524,
        "prob_max": 0.9841142892837524,
        "true_class": 1.0,
        "flight_level_ft": 29000.0,
        "delta_t_seconds": 122.0,
        "pirep_time": "2024-12-28T19:00:00+00:00",
        "patch_id": "0000375_2024_12_df_row.nc"
      }
    },
    {
      "type": "Feature",
      "geometry": {
        "type": "Point",
        "coordinates": [
          -81.93508,
          35.42822
        ]
      },
      "properties": {
        "source": "nexrad",
        "aircraft_class": "l",
        "pred_class": 1,
        "probs": [
          0.0014675605343654752,
          0.9985324144363403
        ],
        "severe_prob": 0.9985324144363403,
        "prob_max": 0.9985324144363403,
        "true_class": 1.0,
        "flight_level_ft": 16000.0,
        "delta_t_seconds": 282.0,
        "pirep_time": "2024-12-29T18:09:00+00:00",
        "patch_id": "0000383_2024_12_df_row.nc"
      }
    },
    {
      "type": "Feature",
      "geometry": {
        "type": "Point",
        "coordinates": [
          -117.60119,
          34.056
        ]
      },
      "properties": {
        "source": "nexrad",
        "aircraft_class": "l",
        "pred_class": 1,
        "probs": [
          0.000365160551154986,
          0.999634861946106
        ],
        "severe_prob": 0.999634861946106,
        "prob_max": 0.999634861946106,
        "true_class": 1.0,
        "flight_level_ft": 5000.0,
        "delta_t_seconds": 124.0,
        "pirep_time": "2024-12-17T19:00:00+00:00",
        "patch_id": "0000385_2024_12_df_row.nc"
      }
    },
    {
      "type": "Feature",
      "geometry": {
        "type": "Point",
        "coordinates": [
          -86.19089828229559,
          36.01103999605578
        ]
      },
      "properties": {
        "source": "nexrad",
        "aircraft_class": "l",
        "pred_class": 1,
        "probs": [
          0.020663632079958916,
          0.9793364405632019
        ],
        "severe_prob": 0.9793364405632019,
        "prob_max": 0.9793364405632019,
        "true_class": 1.0,
        "flight_level_ft": 5000.0,
        "delta_t_seconds": 80.0,
        "pirep_time": "2024-12-18T15:01:00+00:00",
        "patch_id": "0000394_2024_12_df_row.nc"
      }
    },
    {
      "type": "Feature",
      "geometry": {
        "type": "Point",
        "coordinates": [
          -81.37,
          39.44
        ]
      },
      "properties": {
        "source": "nexrad",
        "aircraft_class": "l",
        "pred_class": 1,
        "probs": [
          2.3543521820101887e-05,
          0.999976396560669
        ],
        "severe_prob": 0.999976396560669,
        "prob_max": 0.999976396560669,
        "true_class": 1.0,
        "flight_level_ft": 18000.0,
        "delta_t_seconds": 172.0,
        "pirep_time": "2024-12-11T14:30:00+00:00",
        "patch_id": "0000398_2024_12_df_row.nc"
      }
    },
    {
      "type": "Feature",
      "geometry": {
        "type": "Point",
        "coordinates": [
          -84.9863227987919,
          33.41922980104999
        ]
      },
      "properties": {
        "source": "nexrad",
        "aircraft_class": "m",
        "pred_class": 0,
        "probs": [
          0.9985532164573669,
          0.0014468224253505468
        ],
        "severe_prob": 0.0014468224253505468,
        "prob_max": 0.9985532164573669,
        "true_class": 0.0,
        "flight_level_ft": 18000.0,
        "delta_t_seconds": 232.0,
        "pirep_time": "2024-12-29T12:35:00+00:00",
        "patch_id": "0000400_2024_12_df_row.nc"
      }
    },
    {
      "type": "Feature",
      "geometry": {
        "type": "Point",
        "coordinates": [
          -77.87,
          38.72334008334008
        ]
      },
      "properties": {
        "source": "nexrad",
        "aircraft_class": "l",
        "pred_class": 1,
        "probs": [
          7.295193338308081e-10,
          1.0
        ],
        "severe_prob": 1.0,
        "prob_max": 1.0,
        "true_class": 1.0,
        "flight_level_ft": 7000.0,
        "delta_t_seconds": 163.0,
        "pirep_time": "2024-12-11T14:45:00+00:00",
        "patch_id": "0000404_2024_12_df_row.nc"
      }
    },
    {
      "type": "Feature",
      "geometry": {
        "type": "Point",
        "coordinates": [
          -104.8815956754699,
          39.58703448129872
        ]
      },
      "properties": {
        "source": "nexrad",
        "aircraft_class": "l",
        "pred_class": 1,
        "probs": [
          0.274332195520401,
          0.7256677746772766
        ],
        "severe_prob": 0.7256677746772766,
        "prob_max": 0.7256677746772766,
        "true_class": 1.0,
        "flight_level_ft": 8000.0,
        "delta_t_seconds": 228.0,
        "pirep_time": "2024-12-12T02:26:00+00:00",
        "patch_id": "0000406_2024_12_df_row.nc"
      }
    },
    {
      "type": "Feature",
      "geometry": {
        "type": "Point",
        "coordinates": [
          -80.7513202907481,
          38.081981690372125
        ]
      },
      "properties": {
        "source": "nexrad",
        "aircraft_class": "l",
        "pred_class": 1,
        "probs": [
          0.0027290985453873873,
          0.9972708821296692
        ],
        "severe_prob": 0.9972708821296692,
        "prob_max": 0.9972708821296692,
        "true_class": 1.0,
        "flight_level_ft": 12000.0,
        "delta_t_seconds": 138.0,
        "pirep_time": "2024-12-31T17:21:00+00:00",
        "patch_id": "0000407_2024_12_df_row.nc"
      }
    },
    {
      "type": "Feature",
      "geometry": {
        "type": "Point",
        "coordinates": [
          -105.1274377245017,
          39.62444979164979
        ]
      },
      "properties": {
        "source": "nexrad",
        "aircraft_class": "m",
        "pred_class": 1,
        "probs": [
          3.6757935362174976e-08,
          1.0
        ],
        "severe_prob": 1.0,
        "prob_max": 1.0,
        "true_class": 1.0,
        "flight_level_ft": 11000.0,
        "delta_t_seconds": 304.0,
        "pirep_time": "2024-12-28T23:40:00+00:00",
        "patch_id": "0000409_2024_12_df_row.nc"
      }
    },
    {
      "type": "Feature",
      "geometry": {
        "type": "Point",
        "coordinates": [
          -96.60180026735436,
          30.73146572402221
        ]
      },
      "properties": {
        "source": "nexrad",
        "aircraft_class": "l",
        "pred_class": 1,
        "probs": [
          1.1136264674860286e-06,
          0.999998927116394
        ],
        "severe_prob": 0.999998927116394,
        "prob_max": 0.999998927116394,
        "true_class": 1.0,
        "flight_level_ft": 6000.0,
        "delta_t_seconds": 105.0,
        "pirep_time": "2024-12-26T22:00:00+00:00",
        "patch_id": "0000410_2024_12_df_row.nc"
      }
    },
    {
      "type": "Feature",
      "geometry": {
        "type": "Point",
        "coordinates": [
          -122.37489,
          37.61897
        ]
      },
      "properties": {
        "source": "nexrad",
        "aircraft_class": "l",
        "pred_class": 1,
        "probs": [
          7.202014330687234e-06,
          0.999992847442627
        ],
        "severe_prob": 0.999992847442627,
        "prob_max": 0.999992847442627,
        "true_class": 1.0,
        "flight_level_ft": 12000.0,
        "delta_t_seconds": 39.0,
        "pirep_time": "2024-12-23T03:35:00+00:00",
        "patch_id": "0000412_2024_12_df_row.nc"
      }
    },
    {
      "type": "Feature",
      "geometry": {
        "type": "Point",
        "coordinates": [
          -118.035,
          33.9859918999919
        ]
      },
      "properties": {
        "source": "nexrad",
        "aircraft_class": "l",
        "pred_class": 1,
        "probs": [
          0.08639279752969742,
          0.9136071801185608
        ],
        "severe_prob": 0.9136071801185608,
        "prob_max": 0.9136071801185608,
        "true_class": 1.0,
        "flight_level_ft": 2100.0,
        "delta_t_seconds": 4.0,
        "pirep_time": "2024-12-10T17:59:00+00:00",
        "patch_id": "0000414_2024_12_df_row.nc"
      }
    },
    {
      "type": "Feature",
      "geometry": {
        "type": "Point",
        "coordinates": [
          -87.41278,
          41.61628
        ]
      },
      "properties": {
        "source": "nexrad",
        "aircraft_class": "m",
        "pred_class": 0,
        "probs": [
          0.9987325072288513,
          0.0012674549361690879
        ],
        "severe_prob": 0.0012674549361690879,
        "prob_max": 0.9987325072288513,
        "true_class": 0.0,
        "flight_level_ft": 11000.0,
        "delta_t_seconds": 69.0,
        "pirep_time": "2024-12-27T18:04:00+00:00",
        "patch_id": "0000418_2024_12_df_row.nc"
      }
    },
    {
      "type": "Feature",
      "geometry": {
        "type": "Point",
        "coordinates": [
          -105.11719,
          39.65878974997975
        ]
      },
      "properties": {
        "source": "nexrad",
        "aircraft_class": "m",
        "pred_class": 1,
        "probs": [
          4.6967024900368415e-06,
          0.9999953508377075
        ],
        "severe_prob": 0.9999953508377075,
        "prob_max": 0.9999953508377075,
        "true_class": 1.0,
        "flight_level_ft": 11000.0,
        "delta_t_seconds": 512.0,
        "pirep_time": "2024-12-15T21:48:00+00:00",
        "patch_id": "0000423_2024_12_df_row.nc"
      }
    },
    {
      "type": "Feature",
      "geometry": {
        "type": "Point",
        "coordinates": [
          -79.81553395328017,
          35.81
        ]
      },
      "properties": {
        "source": "nexrad",
        "aircraft_class": "l",
        "pred_class": 1,
        "probs": [
          1.0027734020923162e-07,
          0.9999998807907104
        ],
        "severe_prob": 0.9999998807907104,
        "prob_max": 0.9999998807907104,
        "true_class": 1.0,
        "flight_level_ft": 11000.0,
        "delta_t_seconds": 204.0,
        "pirep_time": "2024-12-11T19:02:00+00:00",
        "patch_id": "0000424_2024_12_df_row.nc"
      }
    },
    {
      "type": "Feature",
      "geometry": {
        "type": "Point",
        "coordinates": [
          -119.73360860110203,
          39.31974207958001
        ]
      },
      "properties": {
        "source": "nexrad",
        "aircraft_class": "l",
        "pred_class": 1,
        "probs": [
          0.02470020391047001,
          0.9752997756004333
        ],
        "severe_prob": 0.9752997756004333,
        "prob_max": 0.9752997756004333,
        "true_class": 1.0,
        "flight_level_ft": 5000.0,
        "delta_t_seconds": 200.0,
        "pirep_time": "2024-12-26T15:48:00+00:00",
        "patch_id": "0000429_2024_12_df_row.nc"
      }
    },
    {
      "type": "Feature",
      "geometry": {
        "type": "Point",
        "coordinates": [
          -82.13,
          35.77327933327933
        ]
      },
      "properties": {
        "source": "nexrad",
        "aircraft_class": "l",
        "pred_class": 1,
        "probs": [
          0.29382815957069397,
          0.7061718106269836
        ],
        "severe_prob": 0.7061718106269836,
        "prob_max": 0.7061718106269836,
        "true_class": 1.0,
        "flight_level_ft": 15000.0,
        "delta_t_seconds": 126.0,
        "pirep_time": "2024-12-11T13:59:00+00:00",
        "patch_id": "0000431_2024_12_df_row.nc"
      }
    },
    {
      "type": "Feature",
      "geometry": {
        "type": "Point",
        "coordinates": [
          -119.66,
          39.53
        ]
      },
      "properties": {
        "source": "nexrad",
        "aircraft_class": "m",
        "pred_class": 1,
        "probs": [
          7.696937842638363e-08,
          0.9999998807907104
        ],
        "severe_prob": 0.9999998807907104,
        "prob_max": 0.9999998807907104,
        "true_class": 1.0,
        "flight_level_ft": 11000.0,
        "delta_t_seconds": 56.0,
        "pirep_time": "2024-12-27T09:55:00+00:00",
        "patch_id": "0000434_2024_12_df_row.nc"
      }
    },
    {
      "type": "Feature",
      "geometry": {
        "type": "Point",
        "coordinates": [
          -82.56995528290498,
          32.5644167
        ]
      },
      "properties": {
        "source": "nexrad",
        "aircraft_class": "l",
        "pred_class": 1,
        "probs": [
          1.8236636606161483e-05,
          0.9999817609786987
        ],
        "severe_prob": 0.9999817609786987,
        "prob_max": 0.9999817609786987,
        "true_class": 1.0,
        "flight_level_ft": 7000.0,
        "delta_t_seconds": 243.0,
        "pirep_time": "2024-12-29T16:22:00+00:00",
        "patch_id": "0000439_2024_12_df_row.nc"
      }
    },
    {
      "type": "Feature",
      "geometry": {
        "type": "Point",
        "coordinates": [
          -79.80303399540027,
          25.713168878408307
        ]
      },
      "properties": {
        "source": "nexrad",
        "aircraft_class": "h",
        "pred_class": 1,
        "probs": [
          0.00014275260036811233,
          0.9998571872711182
        ],
        "severe_prob": 0.9998571872711182,
        "prob_max": 0.9998571872711182,
        "true_class": 1.0,
        "flight_level_ft": 14000.0,
        "delta_t_seconds": 247.0,
        "pirep_time": "2024-12-29T17:21:00+00:00",
        "patch_id": "0000442_2024_12_df_row.nc"
      }
    },
    {
      "type": "Feature",
      "geometry": {
        "type": "Point",
        "coordinates": [
          -116.27743322075072,
          40.81032624692706
        ]
      },
      "properties": {
        "source": "nexrad",
        "aircraft_class": "m",
        "pred_class": 1,
        "probs": [
          2.4508486603735946e-05,
          0.9999754428863525
        ],
        "severe_prob": 0.9999754428863525,
        "prob_max": 0.9999754428863525,
        "true_class": 1.0,
        "flight_level_ft": 38000.0,
        "delta_t_seconds": 231.0,
        "pirep_time": "2024-12-28T04:18:00+00:00",
        "patch_id": "0000446_2024_12_df_row.nc"
      }
    },
    {
      "type": "Feature",
      "geometry": {
        "type": "Point",
        "coordinates": [
          -98.2056265438802,
          33.15694675360954
        ]
      },
      "properties": {
        "source": "nexrad",
        "aircraft_class": "l",
        "pred_class": 1,
        "probs": [
          0.00013069051783531904,
          0.9998693466186523
        ],
        "severe_prob": 0.9998693466186523,
        "prob_max": 0.9998693466186523,
        "true_class": 1.0,
        "flight_level_ft": 8000.0,
        "delta_t_seconds": 144.0,
        "pirep_time": "2024-12-24T06:13:00+00:00",
        "patch_id": "0000450_2024_12_df_row.nc"
      }
    },
    {
      "type": "Feature",
      "geometry": {
        "type": "Point",
        "coordinates": [
          -105.2155808975145,
          39.32206233814605
        ]
      },
      "properties": {
        "source": "nexrad",
        "aircraft_class": "l",
        "pred_class": 1,
        "probs": [
          0.00015719234943389893,
          0.9998427629470825
        ],
        "severe_prob": 0.9998427629470825,
        "prob_max": 0.9998427629470825,
        "true_class": 1.0,
        "flight_level_ft": 14000.0,
        "delta_t_seconds": 264.0,
        "pirep_time": "2024-12-16T04:47:00+00:00",
        "patch_id": "0000451_2024_12_df_row.nc"
      }
    },
    {
      "type": "Feature",
      "geometry": {
        "type": "Point",
        "coordinates": [
          -118.47248581422052,
          34.36154013519376
        ]
      },
      "properties": {
        "source": "nexrad",
        "aircraft_class": "l",
        "pred_class": 0,
        "probs": [
          0.9391624331474304,
          0.060837630182504654
        ],
        "severe_prob": 0.060837630182504654,
        "prob_max": 0.9391624331474304,
        "true_class": 1.0,
        "flight_level_ft": 8500.0,
        "delta_t_seconds": 243.0,
        "pirep_time": "2024-12-27T23:45:00+00:00",
        "patch_id": "0000453_2024_12_df_row.nc"
      }
    },
    {
      "type": "Feature",
      "geometry": {
        "type": "Point",
        "coordinates": [
          -75.37847656924475,
          41.813778119370006
        ]
      },
      "properties": {
        "source": "nexrad",
        "aircraft_class": "h",
        "pred_class": 1,
        "probs": [
          0.0020719561725854874,
          0.9979280233383179
        ],
        "severe_prob": 0.9979280233383179,
        "prob_max": 0.9979280233383179,
        "true_class": 1.0,
        "flight_level_ft": 14000.0,
        "delta_t_seconds": 363.0,
        "pirep_time": "2024-12-12T00:26:00+00:00",
        "patch_id": "0000454_2024_12_df_row.nc"
      }
    },
    {
      "type": "Feature",
      "geometry": {
        "type": "Point",
        "coordinates": [
          -82.08414761873655,
          29.6917
        ]
      },
      "properties": {
        "source": "nexrad",
        "aircraft_class": "m",
        "pred_class": 1,
        "probs": [
          0.07193554937839508,
          0.9280645251274109
        ],
        "severe_prob": 0.9280645251274109,
        "prob_max": 0.9280645251274109,
        "true_class": 1.0,
        "flight_level_ft": 23000.0,
        "delta_t_seconds": 80.0,
        "pirep_time": "2024-12-11T15:50:00+00:00",
        "patch_id": "0000456_2024_12_df_row.nc"
      }
    },
    {
      "type": "Feature",
      "geometry": {
        "type": "Point",
        "coordinates": [
          -112.08256,
          33.68831
        ]
      },
      "properties": {
        "source": "nexrad",
        "aircraft_class": "l",
        "pred_class": 1,
        "probs": [
          0.32474297285079956,
          0.6752569675445557
        ],
        "severe_prob": 0.6752569675445557,
        "prob_max": 0.6752569675445557,
        "true_class": 0.0,
        "flight_level_ft": 4500.0,
        "delta_t_seconds": 462.0,
        "pirep_time": "2024-12-19T22:45:00+00:00",
        "patch_id": "0000458_2024_12_df_row.nc"
      }
    },
    {
      "type": "Feature",
      "geometry": {
        "type": "Point",
        "coordinates": [
          -80.94600454309568,
          28.16154013519376
        ]
      },
      "properties": {
        "source": "nexrad",
        "aircraft_class": "m",
        "pred_class": 1,
        "probs": [
          1.623785372828479e-08,
          1.0
        ],
        "severe_prob": 1.0,
        "prob_max": 1.0,
        "true_class": 1.0,
        "flight_level_ft": 21000.0,
        "delta_t_seconds": 213.0,
        "pirep_time": "2024-12-29T21:35:00+00:00",
        "patch_id": "0000459_2024_12_df_row.nc"
      }
    },
    {
      "type": "Feature",
      "geometry": {
        "type": "Point",
        "coordinates": [
          -80.23286,
          40.49147
        ]
      },
      "properties": {
        "source": "nexrad",
        "aircraft_class": "l",
        "pred_class": 0,
        "probs": [
          0.6596343517303467,
          0.3403656482696533
        ],
        "severe_prob": 0.3403656482696533,
        "prob_max": 0.6596343517303467,
        "true_class": 0.0,
        "flight_level_ft": 9000.0,
        "delta_t_seconds": 374.0,
        "pirep_time": "2024-12-19T15:07:00+00:00",
        "patch_id": "0000467_2024_12_df_row.nc"
      }
    },
    {
      "type": "Feature",
      "geometry": {
        "type": "Point",
        "coordinates": [
          -104.22339012521051,
          39.8328
        ]
      },
      "properties": {
        "source": "nexrad",
        "aircraft_class": "l",
        "pred_class": 0,
        "probs": [
          0.9760063886642456,
          0.02399362251162529
        ],
        "severe_prob": 0.02399362251162529,
        "prob_max": 0.9760063886642456,
        "true_class": 0.0,
        "flight_level_ft": 10500.0,
        "delta_t_seconds": 485.0,
        "pirep_time": "2024-12-19T20:15:00+00:00",
        "patch_id": "0000468_2024_12_df_row.nc"
      }
    },
    {
      "type": "Feature",
      "geometry": {
        "type": "Point",
        "coordinates": [
          -74.05616,
          40.94233008334008
        ]
      },
      "properties": {
        "source": "nexrad",
        "aircraft_class": "m",
        "pred_class": 1,
        "probs": [
          0.03336939960718155,
          0.9666306376457214
        ],
        "severe_prob": 0.9666306376457214,
        "prob_max": 0.9666306376457214,
        "true_class": 1.0,
        "flight_level_ft": 11000.0,
        "delta_t_seconds": 285.0,
        "pirep_time": "2024-12-12T01:20:00+00:00",
        "patch_id": "0000474_2024_12_df_row.nc"
      }
    },
    {
      "type": "Feature",
      "geometry": {
        "type": "Point",
        "coordinates": [
          -117.32256,
          47.68282
        ]
      },
      "properties": {
        "source": "nexrad",
        "aircraft_class": "l",
        "pred_class": 1,
        "probs": [
          0.0660899206995964,
          0.933910071849823
        ],
        "severe_prob": 0.933910071849823,
        "prob_max": 0.933910071849823,
        "true_class": 1.0,
        "flight_level_ft": 5000.0,
        "delta_t_seconds": 160.0,
        "pirep_time": "2024-12-18T16:40:00+00:00",
        "patch_id": "0000477_2024_12_df_row.nc"
      }
    },
    {
      "type": "Feature",
      "geometry": {
        "type": "Point",
        "coordinates": [
          -117.55089251334148,
          34.364722798556976
        ]
      },
      "properties": {
        "source": "nexrad",
        "aircraft_class": "l",
        "pred_class": 1,
        "probs": [
          1.5218576663755812e-05,
          0.9999847412109375
        ],
        "severe_prob": 0.9999847412109375,
        "prob_max": 0.9999847412109375,
        "true_class": 1.0,
        "flight_level_ft": 8000.0,
        "delta_t_seconds": 279.0,
        "pirep_time": "2024-12-05T19:35:00+00:00",
        "patch_id": "0000479_2024_12_df_row.nc"
      }
    },
    {
      "type": "Feature",
      "geometry": {
        "type": "Point",
        "coordinates": [
          -72.25,
          41.12668016668017
        ]
      },
      "properties": {
        "source": "nexrad",
        "aircraft_class": "l",
        "pred_class": 1,
        "probs": [
          0.0024946837220340967,
          0.9975053668022156
        ],
        "severe_prob": 0.9975053668022156,
        "prob_max": 0.9975053668022156,
        "true_class": 1.0,
        "flight_level_ft": 8000.0,
        "delta_t_seconds": 77.0,
        "pirep_time": "2024-12-12T01:48:00+00:00",
        "patch_id": "0000482_2024_12_df_row.nc"
      }
    },
    {
      "type": "Feature",
      "geometry": {
        "type": "Point",
        "coordinates": [
          -117.33379897773936,
          34.15271438960888
        ]
      },
      "properties": {
        "source": "nexrad",
        "aircraft_class": "l",
        "pred_class": 1,
        "probs": [
          0.10907217860221863,
          0.8909278512001038
        ],
        "severe_prob": 0.8909278512001038,
        "prob_max": 0.8909278512001038,
        "true_class": 1.0,
        "flight_level_ft": 2200.0,
        "delta_t_seconds": 489.0,
        "pirep_time": "2024-12-07T02:10:00+00:00",
        "patch_id": "0000484_2024_12_df_row.nc"
      }
    },
    {
      "type": "Feature",
      "geometry": {
        "type": "Point",
        "coordinates": [
          -81.97492566045638,
          38.15847337680477
        ]
      },
      "properties": {
        "source": "nexrad",
        "aircraft_class": "l",
        "pred_class": 1,
        "probs": [
          1.951326339622028e-06,
          0.9999980926513672
        ],
        "severe_prob": 0.9999980926513672,
        "prob_max": 0.9999980926513672,
        "true_class": 1.0,
        "flight_level_ft": 20000.0,
        "delta_t_seconds": 149.0,
        "pirep_time": "2024-12-11T13:15:00+00:00",
        "patch_id": "0000486_2024_12_df_row.nc"
      }
    },
    {
      "type": "Feature",
      "geometry": {
        "type": "Point",
        "coordinates": [
          -116.85,
          33.92
        ]
      },
      "properties": {
        "source": "nexrad",
        "aircraft_class": "l",
        "pred_class": 1,
        "probs": [
          1.4438175639952533e-05,
          0.9999855756759644
        ],
        "severe_prob": 0.9999855756759644,
        "prob_max": 0.9999855756759644,
        "true_class": 1.0,
        "flight_level_ft": 8500.0,
        "delta_t_seconds": 249.0,
        "pirep_time": "2024-12-27T20:20:00+00:00",
        "patch_id": "0000498_2024_12_df_row.nc"
      }
    },
    {
      "type": "Feature",
      "geometry": {
        "type": "Point",
        "coordinates": [
          -81.05806,
          29.17992
        ]
      },
      "properties": {
        "source": "nexrad",
        "aircraft_class": "l",
        "pred_class": 1,
        "probs": [
          0.14701500535011292,
          0.8529850244522095
        ],
        "severe_prob": 0.8529850244522095,
        "prob_max": 0.8529850244522095,
        "true_class": 1.0,
        "flight_level_ft": 5400.0,
        "delta_t_seconds": 130.0,
        "pirep_time": "2024-12-29T21:54:00+00:00",
        "patch_id": "0000508_2024_12_df_row.nc"
      }
    },
    {
      "type": "Feature",
      "geometry": {
        "type": "Point",
        "coordinates": [
          -86.70708619139549,
          41.93668016668017
        ]
      },
      "properties": {
        "source": "nexrad",
        "aircraft_class": "m",
        "pred_class": 0,
        "probs": [
          0.9989812970161438,
          0.001018719864077866
        ],
        "severe_prob": 0.001018719864077866,
        "prob_max": 0.9989812970161438,
        "true_class": 0.0,
        "flight_level_ft": 19000.0,
        "delta_t_seconds": 68.0,
        "pirep_time": "2024-12-29T14:43:00+00:00",
        "patch_id": "0000514_2024_12_df_row.nc"
      }
    },
    {
      "type": "Feature",
      "geometry": {
        "type": "Point",
        "coordinates": [
          -105.2155808975145,
          40.34353766185394
        ]
      },
      "properties": {
        "source": "nexrad",
        "aircraft_class": "l",
        "pred_class": 1,
        "probs": [
          4.6183293306967244e-05,
          0.9999538660049438
        ],
        "severe_prob": 0.9999538660049438,
        "prob_max": 0.9999538660049438,
        "true_class": 1.0,
        "flight_level_ft": 8500.0,
        "delta_t_seconds": 259.0,
        "pirep_time": "2024-12-16T16:47:00+00:00",
        "patch_id": "0000515_2024_12_df_row.nc"
      }
    },
    {
      "type": "Feature",
      "geometry": {
        "type": "Point",
        "coordinates": [
          -79.3,
          25.836680166680168
        ]
      },
      "properties": {
        "source": "nexrad",
        "aircraft_class": "m",
        "pred_class": 1,
        "probs": [
          0.2687092423439026,
          0.7312906980514526
        ],
        "severe_prob": 0.7312906980514526,
        "prob_max": 0.7312906980514526,
        "true_class": 1.0,
        "flight_level_ft": 7000.0,
        "delta_t_seconds": 6.0,
        "pirep_time": "2024-12-01T21:32:00+00:00",
        "patch_id": "0000517_2024_12_df_row.nc"
      }
    },
    {
      "type": "Feature",
      "geometry": {
        "type": "Point",
        "coordinates": [
          -96.06624964294596,
          34.36163925016468
        ]
      },
      "properties": {
        "source": "nexrad",
        "aircraft_class": "m",
        "pred_class": 1,
        "probs": [
          0.0004614969657268375,
          0.9995385408401489
        ],
        "severe_prob": 0.9995385408401489,
        "prob_max": 0.9995385408401489,
        "true_class": 1.0,
        "flight_level_ft": 14000.0,
        "delta_t_seconds": 190.0,
        "pirep_time": "2024-12-14T06:02:00+00:00",
        "patch_id": "0000519_2024_12_df_row.nc"
      }
    },
    {
      "type": "Feature",
      "geometry": {
        "type": "Point",
        "coordinates": [
          -88.81975628183692,
          33.48
        ]
      },
      "properties": {
        "source": "nexrad",
        "aircraft_class": "m",
        "pred_class": 1,
        "probs": [
          0.0011950270272791386,
          0.9988049268722534
        ],
        "severe_prob": 0.9988049268722534,
        "prob_max": 0.9988049268722534,
        "true_class": 1.0,
        "flight_level_ft": 33000.0,
        "delta_t_seconds": 182.0,
        "pirep_time": "2024-12-28T22:29:00+00:00",
        "patch_id": "0000529_2024_12_df_row.nc"
      }
    },
    {
      "type": "Feature",
      "geometry": {
        "type": "Point",
        "coordinates": [
          -96.75361,
          43.57694
        ]
      },
      "properties": {
        "source": "nexrad",
        "aircraft_class": "l",
        "pred_class": 0,
        "probs": [
          0.7110196352005005,
          0.2889803647994995
        ],
        "severe_prob": 0.2889803647994995,
        "prob_max": 0.7110196352005005,
        "true_class": 0.0,
        "flight_level_ft": 100.0,
        "delta_t_seconds": 318.0,
        "pirep_time": "2024-12-09T06:53:00+00:00",
        "patch_id": "0000531_2024_12_df_row.nc"
      }
    },
    {
      "type": "Feature",
      "geometry": {
        "type": "Point",
        "coordinates": [
          -121.84237491594918,
          47.712539864806246
        ]
      },
      "properties": {
        "source": "nexrad",
        "aircraft_class": "m",
        "pred_class": 1,
        "probs": [
          2.5275554435211234e-05,
          0.9999747276306152
        ],
        "severe_prob": 0.9999747276306152,
        "prob_max": 0.9999747276306152,
        "true_class": 1.0,
        "flight_level_ft": 10000.0,
        "delta_t_seconds": 81.0,
        "pirep_time": "2024-12-24T03:43:00+00:00",
        "patch_id": "0000534_2024_12_df_row.nc"
      }
    },
    {
      "type": "Feature",
      "geometry": {
        "type": "Point",
        "coordinates": [
          -150.3148114509197,
          61.11299202550251
        ]
      },
      "properties": {
        "source": "nexrad",
        "aircraft_class": "m",
        "pred_class": 0,
        "probs": [
          0.8075344562530518,
          0.1924656182527542
        ],
        "severe_prob": 0.1924656182527542,
        "prob_max": 0.8075344562530518,
        "true_class": 0.0,
        "flight_level_ft": 2000.0,
        "delta_t_seconds": 103.0,
        "pirep_time": "2024-12-21T17:55:00+00:00",
        "patch_id": "0000535_2024_12_df_row.nc"
      }
    },
    {
      "type": "Feature",
      "geometry": {
        "type": "Point",
        "coordinates": [
          -95.01537884087848,
          34.68
        ]
      },
      "properties": {
        "source": "nexrad",
        "aircraft_class": "l",
        "pred_class": 1,
        "probs": [
          1.38517474400357e-12,
          1.0
        ],
        "severe_prob": 1.0,
        "prob_max": 1.0,
        "true_class": 1.0,
        "flight_level_ft": 21000.0,
        "delta_t_seconds": 37.0,
        "pirep_time": "2024-12-29T00:21:00+00:00",
        "patch_id": "0000539_2024_12_df_row.nc"
      }
    },
    {
      "type": "Feature",
      "geometry": {
        "type": "Point",
        "coordinates": [
          -78.23961229111443,
          38.47331983331984
        ]
      },
      "properties": {
        "source": "nexrad",
        "aircraft_class": "l",
        "pred_class": 1,
        "probs": [
          0.0007143723778426647,
          0.9992856383323669
        ],
        "severe_prob": 0.9992856383323669,
        "prob_max": 0.9992856383323669,
        "true_class": 1.0,
        "flight_level_ft": 16000.0,
        "delta_t_seconds": 322.0,
        "pirep_time": "2024-12-11T21:04:00+00:00",
        "patch_id": "0000543_2024_12_df_row.nc"
      }
    },
    {
      "type": "Feature",
      "geometry": {
        "type": "Point",
        "coordinates": [
          -149.69013596124432,
          61.251670041670046
        ]
      },
      "properties": {
        "source": "nexrad",
        "aircraft_class": "l",
        "pred_class": 1,
        "probs": [
          0.2969142198562622,
          0.7030857801437378
        ],
        "severe_prob": 0.7030857801437378,
        "prob_max": 0.7030857801437378,
        "true_class": 1.0,
        "flight_level_ft": 2000.0,
        "delta_t_seconds": 207.0,
        "pirep_time": "2024-12-08T20:23:00+00:00",
        "patch_id": "0000546_2024_12_df_row.nc"
      }
    },
    {
      "type": "Feature",
      "geometry": {
        "type": "Point",
        "coordinates": [
          -122.54071227245078,
          37.72158855732584
        ]
      },
      "properties": {
        "source": "nexrad",
        "aircraft_class": "l",
        "pred_class": 1,
        "probs": [
          6.006373176603574e-09,
          1.0
        ],
        "severe_prob": 1.0,
        "prob_max": 1.0,
        "true_class": 1.0,
        "flight_level_ft": 12000.0,
        "delta_t_seconds": 39.0,
        "pirep_time": "2024-12-23T03:35:00+00:00",
        "patch_id": "0000549_2024_12_df_row.nc"
      }
    },
    {
      "type": "Feature",
      "geometry": {
        "type": "Point",
        "coordinates": [
          -104.6575,
          39.81613198333199
        ]
      },
      "properties": {
        "source": "nexrad",
        "aircraft_class": "m",
        "pred_class": 0,
        "probs": [
          0.883616030216217,
          0.11638394743204117
        ],
        "severe_prob": 0.11638394743204117,
        "prob_max": 0.883616030216217,
        "true_class": 0.0,
        "flight_level_ft": 5400.0,
        "delta_t_seconds": 65.0,
        "pirep_time": "2024-12-18T04:22:00+00:00",
        "patch_id": "0000554_2024_12_df_row.nc"
      }
    },
    {
      "type": "Feature",
      "geometry": {
        "type": "Point",
        "coordinates": [
          -104.22339012521051,
          39.8328
        ]
      },
      "properties": {
        "source": "nexrad",
        "aircraft_class": "m",
        "pred_class": 0,
        "probs": [
          0.9976771473884583,
          0.002322901738807559
        ],
        "severe_prob": 0.002322901738807559,
        "prob_max": 0.9976771473884583,
        "true_class": 0.0,
        "flight_level_ft": 18000.0,
        "delta_t_seconds": 116.0,
        "pirep_time": "2024-12-23T13:53:00+00:00",
        "patch_id": "0000562_2024_12_df_row.nc"
      }
    },
    {
      "type": "Feature",
      "geometry": {
        "type": "Point",
        "coordinates": [
          -120.64408212,
          35.23809025
        ]
      },
      "properties": {
        "source": "nexrad",
        "aircraft_class": "m",
        "pred_class": 1,
        "probs": [
          0.2716909646987915,
          0.7283090353012085
        ],
        "severe_prob": 0.7283090353012085,
        "prob_max": 0.7283090353012085,
        "true_class": 1.0,
        "flight_level_ft": 3000.0,
        "delta_t_seconds": 181.0,
        "pirep_time": "2024-12-18T04:51:00+00:00",
        "patch_id": "0000565_2024_12_df_row.nc"
      }
    },
    {
      "type": "Feature",
      "geometry": {
        "type": "Point",
        "coordinates": [
          -121.86729850063246,
          37.4485078695789
        ]
      },
      "properties": {
        "source": "nexrad",
        "aircraft_class": "l",
        "pred_class": 1,
        "probs": [
          0.0010874189902096987,
          0.9989125728607178
        ],
        "severe_prob": 0.9989125728607178,
        "prob_max": 0.9989125728607178,
        "true_class": 1.0,
        "flight_level_ft": 2500.0,
        "delta_t_seconds": 18.0,
        "pirep_time": "2024-12-08T19:13:00+00:00",
        "patch_id": "0000566_2024_12_df_row.nc"
      }
    },
    {
      "type": "Feature",
      "geometry": {
        "type": "Point",
        "coordinates": [
          -105.01907236292344,
          39.26351766249651
        ]
      },
      "properties": {
        "source": "nexrad",
        "aircraft_class": "m",
        "pred_class": 1,
        "probs": [
          0.0004708037886302918,
          0.999529242515564
        ],
        "severe_prob": 0.999529242515564,
        "prob_max": 0.999529242515564,
        "true_class": 1.0,
        "flight_level_ft": 12000.0,
        "delta_t_seconds": 370.0,
        "pirep_time": "2024-12-29T22:00:00+00:00",
        "patch_id": "0000569_2024_12_df_row.nc"
      }
    }
  ]
}