{
  "type": "FeatureCollection",
  "features": [
    {
      "type": "Feature",
      "geometry": {
        "type": "Point",
        "coordinates": [
          -122.22072,
          37.72128
        ]
      },
      "properties": {
        "source": "nexrad",
        "pred_class": 1,
        "probs": [
          0.3289842903614044,
          0.6710156798362732
        ],
        "severe_prob": 0.6710156798362732,
        "prob_max": 0.6710156798362732,
        "true_class": 1.0,
        "flight_level_ft": 3000.0,
        "delta_t_seconds": 161.0,
        "pirep_time": "2024-12-14T07:50:00",
        "patch_id": "0000008_2024_12_df_row.nc"
      }
    },
    {
      "type": "Feature",
      "geometry": {
        "type": "Point",
        "coordinates": [
          -112.87244699262344,
          39.483214354095495
        ]
      },
      "properties": {
        "source": "nexrad",
        "pred_class": 0,
        "probs": [
          0.6054241061210632,
          0.39457589387893677
        ],
        "severe_prob": 0.39457589387893677,
        "prob_max": 0.6054241061210632,
        "true_class": 1.0,
        "flight_level_ft": 20000.0,
        "delta_t_seconds": 26.0,
        "pirep_time": "2024-12-30T03:14:00",
        "patch_id": "0000011_2024_12_df_row.nc"
      }
    },
    {
      "type": "Feature",
      "geometry": {
        "type": "Point",
        "coordinates": [
          -84.163,
          36.3341
        ]
      },
      "properties": {
        "source": "nexrad",
        "pred_class": 0,
        "probs": [
          0.9002095460891724,
          0.09979043900966644
        ],
        "severe_prob": 0.09979043900966644,
        "prob_max": 0.9002095460891724,
        "true_class": 0.0,
        "flight_level_ft": 16000.0,
        "delta_t_seconds": 182.0,
        "pirep_time": "2024-12-13T20:18:00",
        "patch_id": "0000013_2024_12_df_row.nc"
      }
    },
    {
      "type": "Feature",
      "geometry": {
        "type": "Point",
        "coordinates": [
          -122.31437,
          47.44469
        ]
      },
      "properties": {
        "source": "nexrad",
        "pred_class": 0,
        "probs": [
          0.9411855340003967,
          0.058814503252506256
        ],
        "severe_prob": 0.058814503252506256,
        "prob_max": 0.9411855340003967,
        "true_class": 1.0,
        "flight_level_ft": 14000.0,
        "delta_t_seconds": 384.0,
        "pirep_time": "2024-12-24T03:41:00",
        "patch_id": "0000017_2024_12_df_row.nc"
      }
    },
    {
      "type": "Feature",
      "geometry": {
        "type": "Point",
        "coordinates": [
          -122.60028,
          45.59083
        ]
      },
      "properties": {
        "source": "nexrad",
        "pred_class": 0,
        "probs": [
          0.7124996781349182,
          0.2875003218650818
        ],
        "severe_prob": 0.2875003218650818,
        "prob_max": 0.7124996781349182,
        "true_class": 0.0,
        "flight_level_ft": 16000.0,
        "delta_t_seconds": 92.0,
        "pirep_time": "2024-12-24T00:14:00",
        "patch_id": "0000021_2024_12_df_row.nc"
      }
    },
    {
      "type": "Feature",
      "geometry": {
        "type": "Point",
        "coordinates": [
          -86.11,
          42.47
        ]
      },
      "properties": {
        "source": "nexrad",
        "pred_class": 0,
        "probs": [
          0.8580067157745361,
          0.14199323952198029
        ],
        "severe_prob": 0.14199323952198029,
        "prob_max": 0.8580067157745361,
        "true_class": 1.0,
        "flight_level_ft": 24000.0,
        "delta_t_seconds": 240.0,
        "pirep_time": "2024-12-29T19:10:00",
        "patch_id": "0000023_2024_12_df_row.nc"
      }
    },
    {
      "type": "Feature",
      "geometry": {
        "type": "Point",
        "coordinates": [
          -78.54548282942092,
          36.05290991888375
        ]
      },
      "properties": {
        "source": "nexrad",
        "pred_class": 0,
        "probs": [
          0.832188069820404,
          0.16781195998191833
        ],
        "severe_prob": 0.16781195998191833,
        "prob_max": 0.832188069820404,
        "true_class": 1.0,
        "flight_level_ft": 4000.0,
        "delta_t_seconds": 383.0,
        "pirep_time": "2024-12-11T20:13:00",
        "patch_id": "0000035_2024_12_df_row.nc"
      }
    },
    {
      "type": "Feature",
      "geometry": {
        "type": "Point",
        "coordinates": [
          -73.15,
          44.47
        ]
      },
      "properties": {
        "source": "nexrad",
        "pred_class": 1,
        "probs": [
          0.08825825154781342,
          0.9117417931556702
        ],
        "severe_prob": 0.9117417931556702,
        "prob_max": 0.9117417931556702,
        "true_class": 0.0,
        "flight_level_ft": 19000.0,
        "delta_t_seconds": 192.0,
        "pirep_time": "2024-12-30T16:13:00",
        "patch_id": "0000041_2024_12_df_row.nc"
      }
    },
    {
      "type": "Feature",
      "geometry": {
        "type": "Point",
        "coordinates": [
          -105.32259491457113,
          39.40424021631001
        ]
      },
      "properties": {
        "source": "nexrad",
        "pred_class": 1,
        "probs": [
          0.29523780941963196,
          0.7047621607780457
        ],
        "severe_prob": 0.7047621607780457,
        "prob_max": 0.7047621607780457,
        "true_class": 1.0,
        "flight_level_ft": 14000.0,
        "delta_t_seconds": 440.0,
        "pirep_time": "2024-12-17T00:30:00",
        "patch_id": "0000045_2024_12_df_row.nc"
      }
    },
    {
      "type": "Feature",
      "geometry": {
        "type": "Point",
        "coordinates": [
          -112.60107573519568,
          39.422270041670046
        ]
      },
      "properties": {
        "source": "nexrad",
        "pred_class": 1,
        "probs": [
          0.012365707196295261,
          0.9876343011856079
        ],
        "severe_prob": 0.9876343011856079,
        "prob_max": 0.9876343011856079,
        "true_class": 1.0,
        "flight_level_ft": 18000.0,
        "delta_t_seconds": 240.0,
        "pirep_time": "2024-12-30T03:29:00",
        "patch_id": "0000046_2024_12_df_row.nc"
      }
    },
    {
      "type": "Feature",
      "geometry": {
        "type": "Point",
        "coordinates": [
          -122.08277492662596,
          47.38768202550251
        ]
      },
      "properties": {
        "source": "nexrad",
        "pred_class": 0,
        "probs": [
          0.5583091974258423,
          0.4416908025741577
        ],
        "severe_prob": 0.4416908025741577,
        "prob_max": 0.5583091974258423,
        "true_class": 1.0,
        "flight_level_ft": 5000.0,
        "delta_t_seconds": 321.0,
        "pirep_time": "2024-12-24T03:47:00",
        "patch_id": "0000048_2024_12_df_row.nc"
      }
    },
    {
      "type": "Feature",
      "geometry": {
        "type": "Point",
        "coordinates": [
          -121.92442,
          37.47607611667612
        ]
      },
      "properties": {
        "source": "nexrad",
        "pred_class": 1,
        "probs": [
          0.2053493708372116,
          0.7946505546569824
        ],
        "severe_prob": 0.7946505546569824,
        "prob_max": 0.7946505546569824,
        "true_class": 1.0,
        "flight_level_ft": 2000.0,
        "delta_t_seconds": 299.0,
        "pirep_time": "2024-12-10T02:58:00",
        "patch_id": "0000051_2024_12_df_row.nc"
      }
    },
    {
      "type": "Feature",
      "geometry": {
        "type": "Point",
        "coordinates": [
          -122.1457825737783,
          47.13143375467857
        ]
      },
      "properties": {
        "source": "nexrad",
        "pred_class": 0,
        "probs": [
          0.5079575777053833,
          0.4920424222946167
        ],
        "severe_prob": 0.4920424222946167,
        "prob_max": 0.5079575777053833,
        "true_class": 1.0,
        "flight_level_ft": 2500.0,
        "delta_t_seconds": 170.0,
        "pirep_time": "2024-12-22T21:42:00",
        "patch_id": "0000052_2024_12_df_row.nc"
      }
    },
    {
      "type": "Feature",
      "geometry": {
        "type": "Point",
        "coordinates": [
          -81.93508,
          35.42822
        ]
      },
      "properties": {
        "source": "nexrad",
        "pred_class": 0,
        "probs": [
          0.7167471647262573,
          0.28325289487838745
        ],
        "severe_prob": 0.28325289487838745,
        "prob_max": 0.7167471647262573,
        "true_class": 1.0,
        "flight_level_ft": 16000.0,
        "delta_t_seconds": 282.0,
        "pirep_time": "2024-12-29T18:09:00",
        "patch_id": "0000054_2024_12_df_row.nc"
      }
    },
    {
      "type": "Feature",
      "geometry": {
        "type": "Point",
        "coordinates": [
          -94.39058387640692,
          34.031117034608194
        ]
      },
      "properties": {
        "source": "nexrad",
        "pred_class": 1,
        "probs": [
          0.03648467734456062,
          0.9635152816772461
        ],
        "severe_prob": 0.9635152816772461,
        "prob_max": 0.9635152816772461,
        "true_class": 1.0,
        "flight_level_ft": 36000.0,
        "delta_t_seconds": 28.0,
        "pirep_time": "2024-12-14T13:07:00",
        "patch_id": "0000057_2024_12_df_row.nc"
      }
    },
    {
      "type": "Feature",
      "geometry": {
        "type": "Point",
        "coordinates": [
          -112.10961839733892,
          39.78699796682039
        ]
      },
      "properties": {
        "source": "nexrad",
        "pred_class": 1,
        "probs": [
          0.021967915818095207,
          0.978032112121582
        ],
        "severe_prob": 0.978032112121582,
        "prob_max": 0.978032112121582,
        "true_class": 1.0,
        "flight_level_ft": 22000.0,
        "delta_t_seconds": 159.0,
        "pirep_time": "2024-12-30T02:36:00",
        "patch_id": "0000059_2024_12_df_row.nc"
      }
    },
    {
      "type": "Feature",
      "geometry": {
        "type": "Point",
        "coordinates": [
          -96.39453,
          33.94227
        ]
      },
      "properties": {
        "source": "nexrad",
        "pred_class": 1,
        "probs": [
          0.12763069570064545,
          0.8723692893981934
        ],
        "severe_prob": 0.8723692893981934,
        "prob_max": 0.8723692893981934,
        "true_class": 1.0,
        "flight_level_ft": 14000.0,
        "delta_t_seconds": 219.0,
        "pirep_time": "2024-12-14T05:59:00",
        "patch_id": "0000060_2024_12_df_row.nc"
      }
    },
    {
      "type": "Feature",
      "geometry": {
        "type": "Point",
        "coordinates": [
          -105.4453170751482,
          38.91462528346326
        ]
      },
      "properties": {
        "source": "nexrad",
        "pred_class": 1,
        "probs": [
          0.3356984555721283,
          0.6643015742301941
        ],
        "severe_prob": 0.6643015742301941,
        "prob_max": 0.6643015742301941,
        "true_class": 0.0,
        "flight_level_ft": 19000.0,
        "delta_t_seconds": 11.0,
        "pirep_time": "2024-12-09T23:33:00",
        "patch_id": "0000063_2024_12_df_row.nc"
      }
    },
    {
      "type": "Feature",
      "geometry": {
        "type": "Point",
        "coordinates": [
          -105.07528752699749,
          39.94711532463905
        ]
      },
      "properties": {
        "source": "nexrad",
        "pred_class": 1,
        "probs": [
          0.03889734670519829,
          0.9611026644706726
        ],
        "severe_prob": 0.9611026644706726,
        "prob_max": 0.9611026644706726,
        "true_class": 1.0,
        "flight_level_ft": 6500.0,
        "delta_t_seconds": 305.0,
        "pirep_time": "2024-12-29T17:31:00",
        "patch_id": "0000069_2024_12_df_row.nc"
      }
    },
    {
      "type": "Feature",
      "geometry": {
        "type": "Point",
        "coordinates": [
          -97.93985976842175,
          30.02641797155345
        ]
      },
      "properties": {
        "source": "nexrad",
        "pred_class": 0,
        "probs": [
          0.6028730273246765,
          0.3971269428730011
        ],
        "severe_prob": 0.3971269428730011,
        "prob_max": 0.6028730273246765,
        "true_class": 0.0,
        "flight_level_ft": 17000.0,
        "delta_t_seconds": 63.0,
        "pirep_time": "2024-12-07T02:33:00",
        "patch_id": "0000072_2024_12_df_row.nc"
      }
    },
    {
      "type": "Feature",
      "geometry": {
        "type": "Point",
        "coordinates": [
          -97.2283,
          31.284609666639668
        ]
      },
      "properties": {
        "source": "nexrad",
        "pred_class": 0,
        "probs": [
          0.9583070874214172,
          0.04169299080967903
        ],
        "severe_prob": 0.04169299080967903,
        "prob_max": 0.9583070874214172,
        "true_class": 0.0,
        "flight_level_ft": 19000.0,
        "delta_t_seconds": 126.0,
        "pirep_time": "2024-12-04T13:10:00",
        "patch_id": "0000075_2024_12_df_row.nc"
      }
    },
    {
      "type": "Feature",
      "geometry": {
        "type": "Point",
        "coordinates": [
          -81.01860163447654,
          28.21511010815501
        ]
      },
      "properties": {
        "source": "nexrad",
        "pred_class": 1,
        "probs": [
          0.004335059318691492,
          0.9956650137901306
        ],
        "severe_prob": 0.9956650137901306,
        "prob_max": 0.9956650137901306,
        "true_class": 1.0,
        "flight_level_ft": 12000.0,
        "delta_t_seconds": 33.0,
        "pirep_time": "2024-12-29T21:37:00",
        "patch_id": "0000076_2024_12_df_row.nc"
      }
    },
    {
      "type": "Feature",
      "geometry": {
        "type": "Point",
        "coordinates": [
          -115.24375929165004,
          35.609737469083505
        ]
      },
      "properties": {
        "source": "nexrad",
        "pred_class": 1,
        "probs": [
          0.09911037981510162,
          0.9008895754814148
        ],
        "severe_prob": 0.9008895754814148,
        "prob_max": 0.9008895754814148,
        "true_class": 1.0,
        "flight_level_ft": 9500.0,
        "delta_t_seconds": 86.0,
        "pirep_time": "2024-12-14T22:42:00",
        "patch_id": "0000082_2024_12_df_row.nc"
      }
    },
    {
      "type": "Feature",
      "geometry": {
        "type": "Point",
        "coordinates": [
          -79.65624454908367,
          26.961951066442943
        ]
      },
      "properties": {
        "source": "nexrad",
        "pred_class": 1,
        "probs": [
          0.0940728634595871,
          0.9059271216392517
        ],
        "severe_prob": 0.9059271216392517,
        "prob_max": 0.9059271216392517,
        "true_class": 1.0,
        "flight_level_ft": 22000.0,
        "delta_t_seconds": 185.0,
        "pirep_time": "2024-12-27T15:38:00",
        "patch_id": "0000084_2024_12_df_row.nc"
      }
    },
    {
      "type": "Feature",
      "geometry": {
        "type": "Point",
        "coordinates": [
          -80.77573167333179,
          29.595211690372125
        ]
      },
      "properties": {
        "source": "nexrad",
        "pred_class": 1,
        "probs": [
          0.007419570814818144,
          0.9925804138183594
        ],
        "severe_prob": 0.9925804138183594,
        "prob_max": 0.9925804138183594,
        "true_class": 1.0,
        "flight_level_ft": 34000.0,
        "delta_t_seconds": 3.0,
        "pirep_time": "2024-12-29T23:20:00",
        "patch_id": "0000088_2024_12_df_row.nc"
      }
    },
    {
      "type": "Feature",
      "geometry": {
        "type": "Point",
        "coordinates": [
          -82.73115637550906,
          30.1821
        ]
      },
      "properties": {
        "source": "nexrad",
        "pred_class": 0,
        "probs": [
          0.8375048637390137,
          0.16249513626098633
        ],
        "severe_prob": 0.16249513626098633,
        "prob_max": 0.8375048637390137,
        "true_class": 0.0,
        "flight_level_ft": 12000.0,
        "delta_t_seconds": 179.0,
        "pirep_time": "2024-12-26T13:47:00",
        "patch_id": "0000089_2024_12_df_row.nc"
      }
    },
    {
      "type": "Feature",
      "geometry": {
        "type": "Point",
        "coordinates": [
          -122.23541249122388,
          37.85411671865906
        ]
      },
      "properties": {
        "source": "nexrad",
        "pred_class": 1,
        "probs": [
          0.06609196960926056,
          0.9339079856872559
        ],
        "severe_prob": 0.9339079856872559,
        "prob_max": 0.9339079856872559,
        "true_class": 1.0,
        "flight_level_ft": 4000.0,
        "delta_t_seconds": 39.0,
        "pirep_time": "2024-12-14T19:38:00",
        "patch_id": "0000090_2024_12_df_row.nc"
      }
    },
    {
      "type": "Feature",
      "geometry": {
        "type": "Point",
        "coordinates": [
          -121.62,
          39.49
        ]
      },
      "properties": {
        "source": "nexrad",
        "pred_class": 1,
        "probs": [
          0.16171421110630035,
          0.8382858037948608
        ],
        "severe_prob": 0.8382858037948608,
        "prob_max": 0.8382858037948608,
        "true_class": 1.0,
        "flight_level_ft": 8000.0,
        "delta_t_seconds": 90.0,
        "pirep_time": "2024-12-17T03:12:00",
        "patch_id": "0000095_2024_12_df_row.nc"
      }
    },
    {
      "type": "Feature",
      "geometry": {
        "type": "Point",
        "coordinates": [
          -135.36,
          57.04
        ]
      },
      "properties": {
        "source": "nexrad",
        "pred_class": 0,
        "probs": [
          0.6034409999847412,
          0.3965590298175812
        ],
        "severe_prob": 0.3965590298175812,
        "prob_max": 0.6034409999847412,
        "true_class": 1.0,
        "flight_level_ft": 8000.0,
        "delta_t_seconds": 206.0,
        "pirep_time": "2024-12-22T16:02:00",
        "patch_id": "0000099_2024_12_df_row.nc"
      }
    },
    {
      "type": "Feature",
      "geometry": {
        "type": "Point",
        "coordinates": [
          -117.30505336327926,
          47.694606067614885
        ]
      },
      "properties": {
        "source": "nexrad",
        "pred_class": 1,
        "probs": [
          0.4019227921962738,
          0.5980771780014038
        ],
        "severe_prob": 0.5980771780014038,
        "prob_max": 0.5980771780014038,
        "true_class": 0.0,
        "flight_level_ft": 2500.0,
        "delta_t_seconds": 96.0,
        "pirep_time": "2024-12-18T15:52:00",
        "patch_id": "0000106_2024_12_df_row.nc"
      }
    },
    {
      "type": "Feature",
      "geometry": {
        "type": "Point",
        "coordinates": [
          -110.53980780066588,
          46.03808025002025
        ]
      },
      "properties": {
        "source": "nexrad",
        "pred_class": 1,
        "probs": [
          0.4603688716888428,
          0.5396310687065125
        ],
        "severe_prob": 0.5396310687065125,
        "prob_max": 0.5396310687065125,
        "true_class": 1.0,
        "flight_level_ft": 17000.0,
        "delta_t_seconds": 258.0,
        "pirep_time": "2024-12-26T19:46:00",
        "patch_id": "0000115_2024_12_df_row.nc"
      }
    },
    {
      "type": "Feature",
      "geometry": {
        "type": "Point",
        "coordinates": [
          -72.05,
          41.33
        ]
      },
      "properties": {
        "source": "nexrad",
        "pred_class": 0,
        "probs": [
          0.8047364354133606,
          0.1952635496854782
        ],
        "severe_prob": 0.1952635496854782,
        "prob_max": 0.8047364354133606,
        "true_class": 1.0,
        "flight_level_ft": 8000.0,
        "delta_t_seconds": 269.0,
        "pirep_time": "2024-12-12T01:46:00",
        "patch_id": "0000116_2024_12_df_row.nc"
      }
    },
    {
      "type": "Feature",
      "geometry": {
        "type": "Point",
        "coordinates": [
          -122.54071227245078,
          37.72158855732584
        ]
      },
      "properties": {
        "source": "nexrad",
        "pred_class": 1,
        "probs": [
          0.006760488264262676,
          0.9932395219802856
        ],
        "severe_prob": 0.9932395219802856,
        "prob_max": 0.9932395219802856,
        "true_class": 1.0,
        "flight_level_ft": 12000.0,
        "delta_t_seconds": 39.0,
        "pirep_time": "2024-12-23T03:35:00",
        "patch_id": "0000117_2024_12_df_row.nc"
      }
    },
    {
      "type": "Feature",
      "geometry": {
        "type": "Point",
        "coordinates": [
          -75.93155246029026,
          39.327465128951495
        ]
      },
      "properties": {
        "source": "nexrad",
        "pred_class": 1,
        "probs": [
          0.043936844915151596,
          0.9560631513595581
        ],
        "severe_prob": 0.9560631513595581,
        "prob_max": 0.9560631513595581,
        "true_class": 1.0,
        "flight_level_ft": 30000.0,
        "delta_t_seconds": 114.0,
        "pirep_time": "2024-12-11T22:38:00",
        "patch_id": "0000118_2024_12_df_row.nc"
      }
    },
    {
      "type": "Feature",
      "geometry": {
        "type": "Point",
        "coordinates": [
          -83.68802599071134,
          33.9486
        ]
      },
      "properties": {
        "source": "nexrad",
        "pred_class": 1,
        "probs": [
          0.03560058772563934,
          0.9643993377685547
        ],
        "severe_prob": 0.9643993377685547,
        "prob_max": 0.9643993377685547,
        "true_class": 1.0,
        "flight_level_ft": 10000.0,
        "delta_t_seconds": 329.0,
        "pirep_time": "2024-12-18T23:10:00",
        "patch_id": "0000121_2024_12_df_row.nc"
      }
    },
    {
      "type": "Feature",
      "geometry": {
        "type": "Point",
        "coordinates": [
          -75.4655,
          44.68186
        ]
      },
      "properties": {
        "source": "nexrad",
        "pred_class": 0,
        "probs": [
          0.6546554565429688,
          0.34534451365470886
        ],
        "severe_prob": 0.34534451365470886,
        "prob_max": 0.6546554565429688,
        "true_class": 0.0,
        "flight_level_ft": 6000.0,
        "delta_t_seconds": 184.0,
        "pirep_time": "2024-12-11T21:43:00",
        "patch_id": "0000127_2024_12_df_row.nc"
      }
    },
    {
      "type": "Feature",
      "geometry": {
        "type": "Point",
        "coordinates": [
          -104.48179673911666,
          40.08374611227665
        ]
      },
      "properties": {
        "source": "nexrad",
        "pred_class": 1,
        "probs": [
          0.1717340052127838,
          0.8282660245895386
        ],
        "severe_prob": 0.8282660245895386,
        "prob_max": 0.8282660245895386,
        "true_class": 0.0,
        "flight_level_ft": 11500.0,
        "delta_t_seconds": 231.0,
        "pirep_time": "2024-12-27T03:47:00",
        "patch_id": "0000136_2024_12_df_row.nc"
      }
    },
    {
      "type": "Feature",
      "geometry": {
        "type": "Point",
        "coordinates": [
          -119.71521493456837,
          39.32288932227346
        ]
      },
      "properties": {
        "source": "nexrad",
        "pred_class": 1,
        "probs": [
          0.03259351849555969,
          0.9674065113067627
        ],
        "severe_prob": 0.9674065113067627,
        "prob_max": 0.9674065113067627,
        "true_class": 1.0,
        "flight_level_ft": 11500.0,
        "delta_t_seconds": 283.0,
        "pirep_time": "2024-12-29T03:50:00",
        "patch_id": "0000137_2024_12_df_row.nc"
      }
    },
    {
      "type": "Feature",
      "geometry": {
        "type": "Point",
        "coordinates": [
          -95.5805998115102,
          31.12
        ]
      },
      "properties": {
        "source": "nexrad",
        "pred_class": 0,
        "probs": [
          0.7646083235740662,
          0.23539164662361145
        ],
        "severe_prob": 0.23539164662361145,
        "prob_max": 0.7646083235740662,
        "true_class": 1.0,
        "flight_level_ft": 23000.0,
        "delta_t_seconds": 88.0,
        "pirep_time": "2024-12-26T19:16:00",
        "patch_id": "0000140_2024_12_df_row.nc"
      }
    },
    {
      "type": "Feature",
      "geometry": {
        "type": "Point",
        "coordinates": [
          -104.85,
          39.23663966663967
        ]
      },
      "properties": {
        "source": "nexrad",
        "pred_class": 1,
        "probs": [
          0.026913197711110115,
          0.9730868339538574
        ],
        "severe_prob": 0.9730868339538574,
        "prob_max": 0.9730868339538574,
        "true_class": 1.0,
        "flight_level_ft": 11500.0,
        "delta_t_seconds": 343.0,
        "pirep_time": "2024-12-29T21:03:00",
        "patch_id": "0000142_2024_12_df_row.nc"
      }
    },
    {
      "type": "Feature",
      "geometry": {
        "type": "Point",
        "coordinates": [
          -82.5375,
          35.1319156999757
        ]
      },
      "properties": {
        "source": "nexrad",
        "pred_class": 1,
        "probs": [
          0.011409827508032322,
          0.9885901808738708
        ],
        "severe_prob": 0.9885901808738708,
        "prob_max": 0.9885901808738708,
        "true_class": 1.0,
        "flight_level_ft": 6000.0,
        "delta_t_seconds": 477.0,
        "pirep_time": "2024-12-20T17:18:00",
        "patch_id": "0000144_2024_12_df_row.nc"
      }
    },
    {
      "type": "Feature",
      "geometry": {
        "type": "Point",
        "coordinates": [
          -105.2258217,
          40.0394297
        ]
      },
      "properties": {
        "source": "nexrad",
        "pred_class": 1,
        "probs": [
          0.43968719244003296,
          0.560312807559967
        ],
        "severe_prob": 0.560312807559967,
        "prob_max": 0.560312807559967,
        "true_class": 1.0,
        "flight_level_ft": 6000.0,
        "delta_t_seconds": 222.0,
        "pirep_time": "2024-12-11T19:40:00",
        "patch_id": "0000151_2024_12_df_row.nc"
      }
    },
    {
      "type": "Feature",
      "geometry": {
        "type": "Point",
        "coordinates": [
          -80.40783,
          37.04095983331983
        ]
      },
      "properties": {
        "source": "nexrad",
        "pred_class": 1,
        "probs": [
          0.21703465282917023,
          0.782965362071991
        ],
        "severe_prob": 0.782965362071991,
        "prob_max": 0.782965362071991,
        "true_class": 1.0,
        "flight_level_ft": 11500.0,
        "delta_t_seconds": 264.0,
        "pirep_time": "2024-12-11T14:53:00",
        "patch_id": "0000153_2024_12_df_row.nc"
      }
    },
    {
      "type": "Feature",
      "geometry": {
        "type": "Point",
        "coordinates": [
          -118.72867810049398,
          34.2375568747985
        ]
      },
      "properties": {
        "source": "nexrad",
        "pred_class": 1,
        "probs": [
          0.18429912626743317,
          0.8157009482383728
        ],
        "severe_prob": 0.8157009482383728,
        "prob_max": 0.8157009482383728,
        "true_class": 1.0,
        "flight_level_ft": 3000.0,
        "delta_t_seconds": 129.0,
        "pirep_time": "2024-12-15T20:00:00",
        "patch_id": "0000154_2024_12_df_row.nc"
      }
    },
    {
      "type": "Feature",
      "geometry": {
        "type": "Point",
        "coordinates": [
          -81.89209,
          39.94445
        ]
      },
      "properties": {
        "source": "nexrad",
        "pred_class": 0,
        "probs": [
          0.9328522682189941,
          0.06714774668216705
        ],
        "severe_prob": 0.06714774668216705,
        "prob_max": 0.9328522682189941,
        "true_class": 0.0,
        "flight_level_ft": 15500.0,
        "delta_t_seconds": 137.0,
        "pirep_time": "2024-12-15T11:14:00",
        "patch_id": "0000155_2024_12_df_row.nc"
      }
    },
    {
      "type": "Feature",
      "geometry": {
        "type": "Point",
        "coordinates": [
          -114.1246,
          46.587991333360335
        ]
      },
      "properties": {
        "source": "nexrad",
        "pred_class": 0,
        "probs": [
          0.8168639540672302,
          0.18313609063625336
        ],
        "severe_prob": 0.18313609063625336,
        "prob_max": 0.8168639540672302,
        "true_class": 0.0,
        "flight_level_ft": 12000.0,
        "delta_t_seconds": 214.0,
        "pirep_time": "2024-12-28T23:15:00",
        "patch_id": "0000165_2024_12_df_row.nc"
      }
    },
    {
      "type": "Feature",
      "geometry": {
        "type": "Point",
        "coordinates": [
          -74.35972701885603,
          40.07231558453652
        ]
      },
      "properties": {
        "source": "nexrad",
        "pred_class": 1,
        "probs": [
          0.1339760720729828,
          0.8660240173339844
        ],
        "severe_prob": 0.8660240173339844,
        "prob_max": 0.8660240173339844,
        "true_class": 1.0,
        "flight_level_ft": 6000.0,
        "delta_t_seconds": 389.0,
        "pirep_time": "2024-12-12T19:30:00",
        "patch_id": "0000167_2024_12_df_row.nc"
      }
    },
    {
      "type": "Feature",
      "geometry": {
        "type": "Point",
        "coordinates": [
          -96.98237316167746,
          29.983582200086754
        ]
      },
      "properties": {
        "source": "nexrad",
        "pred_class": 1,
        "probs": [
          0.018631145358085632,
          0.981368899345398
        ],
        "severe_prob": 0.981368899345398,
        "prob_max": 0.981368899345398,
        "true_class": 1.0,
        "flight_level_ft": 14000.0,
        "delta_t_seconds": 213.0,
        "pirep_time": "2024-12-26T15:16:00",
        "patch_id": "0000169_2024_12_df_row.nc"
      }
    },
    {
      "type": "Feature",
      "geometry": {
        "type": "Point",
        "coordinates": [
          -86.29055262583647,
          36.03260999684462
        ]
      },
      "properties": {
        "source": "nexrad",
        "pred_class": 0,
        "probs": [
          0.5164070725440979,
          0.4835929870605469
        ],
        "severe_prob": 0.4835929870605469,
        "prob_max": 0.5164070725440979,
        "true_class": 1.0,
        "flight_level_ft": 5000.0,
        "delta_t_seconds": 267.0,
        "pirep_time": "2024-12-18T14:58:00",
        "patch_id": "0000173_2024_12_df_row.nc"
      }
    },
    {
      "type": "Feature",
      "geometry": {
        "type": "Point",
        "coordinates": [
          -122.26646316604898,
          44.46964622072404
        ]
      },
      "properties": {
        "source": "nexrad",
        "pred_class": 0,
        "probs": [
          0.8556992411613464,
          0.14430074393749237
        ],
        "severe_prob": 0.14430074393749237,
        "prob_max": 0.8556992411613464,
        "true_class": 0.0,
        "flight_level_ft": 20000.0,
        "delta_t_seconds": 406.0,
        "pirep_time": "2024-12-13T18:06:00",
        "patch_id": "0000174_2024_12_df_row.nc"
      }
    },
    {
      "type": "Feature",
      "geometry": {
        "type": "Point",
        "coordinates": [
          -81.6719754569043,
          28.69723986480625
        ]
      },
      "properties": {
        "source": "nexrad",
        "pred_class": 1,
        "probs": [
          0.04424407705664635,
          0.9557559490203857
        ],
        "severe_prob": 0.9557559490203857,
        "prob_max": 0.9557559490203857,
        "true_class": 1.0,
        "flight_level_ft": 13000.0,
        "delta_t_seconds": 112.0,
        "pirep_time": "2024-12-29T20:52:00",
        "patch_id": "0000176_2024_12_df_row.nc"
      }
    },
    {
      "type": "Feature",
      "geometry": {
        "type": "Point",
        "coordinates": [
          -82.1074843118899,
          31.20566443920416
        ]
      },
      "properties": {
        "source": "nexrad",
        "pred_class": 0,
        "probs": [
          0.8278622627258301,
          0.17213773727416992
        ],
        "severe_prob": 0.17213773727416992,
        "prob_max": 0.8278622627258301,
        "true_class": 0.0,
        "flight_level_ft": 19000.0,
        "delta_t_seconds": 124.0,
        "pirep_time": "2024-12-11T12:32:00",
        "patch_id": "0000178_2024_12_df_row.nc"
      }
    },
    {
      "type": "Feature",
      "geometry": {
        "type": "Point",
        "coordinates": [
          -97.23349566718686,
          32.86788629280277
        ]
      },
      "properties": {
        "source": "nexrad",
        "pred_class": 1,
        "probs": [
          0.4903133809566498,
          0.5096866488456726
        ],
        "severe_prob": 0.5096866488456726,
        "prob_max": 0.5096866488456726,
        "true_class": 0.0,
        "flight_level_ft": 8000.0,
        "delta_t_seconds": 209.0,
        "pirep_time": "2024-12-26T16:32:00",
        "patch_id": "0000179_2024_12_df_row.nc"
      }
    },
    {
      "type": "Feature",
      "geometry": {
        "type": "Point",
        "coordinates": [
          -121.90468577371824,
          47.09005643785628
        ]
      },
      "properties": {
        "source": "nexrad",
        "pred_class": 1,
        "probs": [
          0.03368912637233734,
          0.9663107991218567
        ],
        "severe_prob": 0.9663107991218567,
        "prob_max": 0.9663107991218567,
        "true_class": 1.0,
        "flight_level_ft": 8000.0,
        "delta_t_seconds": 397.0,
        "pirep_time": "2024-12-20T01:51:00",
        "patch_id": "0000184_2024_12_df_row.nc"
      }
    },
    {
      "type": "Feature",
      "geometry": {
        "type": "Point",
        "coordinates": [
          -74.12929588455174,
          39.68665586665587
        ]
      },
      "properties": {
        "source": "nexrad",
        "pred_class": 1,
        "probs": [
          0.06460056453943253,
          0.9353994727134705
        ],
        "severe_prob": 0.9353994727134705,
        "prob_max": 0.9353994727134705,
        "true_class": 1.0,
        "flight_level_ft": 16500.0,
        "delta_t_seconds": 230.0,
        "pirep_time": "2024-12-05T15:06:00",
        "patch_id": "0000186_2024_12_df_row.nc"
      }
    },
    {
      "type": "Feature",
      "geometry": {
        "type": "Point",
        "coordinates": [
          -76.94164133309262,
          38.43683019895001
        ]
      },
      "properties": {
        "source": "nexrad",
        "pred_class": 1,
        "probs": [
          0.25344276428222656,
          0.7465572357177734
        ],
        "severe_prob": 0.7465572357177734,
        "prob_max": 0.7465572357177734,
        "true_class": 1.0,
        "flight_level_ft": 12000.0,
        "delta_t_seconds": 204.0,
        "pirep_time": "2024-12-11T20:15:00",
        "patch_id": "0000191_2024_12_df_row.nc"
      }
    },
    {
      "type": "Feature",
      "geometry": {
        "type": "Point",
        "coordinates": [
          -112.12658023707282,
          39.73869776350242
        ]
      },
      "properties": {
        "source": "nexrad",
        "pred_class": 0,
        "probs": [
          0.5298431515693665,
          0.47015687823295593
        ],
        "severe_prob": 0.47015687823295593,
        "prob_max": 0.5298431515693665,
        "true_class": 1.0,
        "flight_level_ft": 22000.0,
        "delta_t_seconds": 201.0,
        "pirep_time": "2024-12-30T02:31:00",
        "patch_id": "0000192_2024_12_df_row.nc"
      }
    },
    {
      "type": "Feature",
      "geometry": {
        "type": "Point",
        "coordinates": [
          -82.65966267476172,
          28.84221244223251
        ]
      },
      "properties": {
        "source": "nexrad",
        "pred_class": 1,
        "probs": [
          0.001595849171280861,
          0.9984042048454285
        ],
        "severe_prob": 0.9984042048454285,
        "prob_max": 0.9984042048454285,
        "true_class": 1.0,
        "flight_level_ft": 21000.0,
        "delta_t_seconds": 235.0,
        "pirep_time": "2024-12-11T15:57:00",
        "patch_id": "0000197_2024_12_df_row.nc"
      }
    },
    {
      "type": "Feature",
      "geometry": {
        "type": "Point",
        "coordinates": [
          -104.6575,
          39.8328
        ]
      },
      "properties": {
        "source": "nexrad",
        "pred_class": 0,
        "probs": [
          0.5422250628471375,
          0.45777496695518494
        ],
        "severe_prob": 0.45777496695518494,
        "prob_max": 0.5422250628471375,
        "true_class": 1.0,
        "flight_level_ft": 7000.0,
        "delta_t_seconds": 249.0,
        "pirep_time": "2024-12-09T04:15:00",
        "patch_id": "0000199_2024_12_df_row.nc"
      }
    },
    {
      "type": "Feature",
      "geometry": {
        "type": "Point",
        "coordinates": [
          -81.37,
          39.44
        ]
      },
      "properties": {
        "source": "nexrad",
        "pred_class": 1,
        "probs": [
          0.055701762437820435,
          0.9442982077598572
        ],
        "severe_prob": 0.9442982077598572,
        "prob_max": 0.9442982077598572,
        "true_class": 1.0,
        "flight_level_ft": 16000.0,
        "delta_t_seconds": 247.0,
        "pirep_time": "2024-12-11T14:18:00",
        "patch_id": "0000203_2024_12_df_row.nc"
      }
    },
    {
      "type": "Feature",
      "geometry": {
        "type": "Point",
        "coordinates": [
          -119.77111,
          39.35054586665587
        ]
      },
      "properties": {
        "source": "nexrad",
        "pred_class": 1,
        "probs": [
          0.027345143258571625,
          0.9726548194885254
        ],
        "severe_prob": 0.9726548194885254,
        "prob_max": 0.9726548194885254,
        "true_class": 1.0,
        "flight_level_ft": 8000.0,
        "delta_t_seconds": 257.0,
        "pirep_time": "2024-12-28T06:14:00",
        "patch_id": "0000205_2024_12_df_row.nc"
      }
    },
    {
      "type": "Feature",
      "geometry": {
        "type": "Point",
        "coordinates": [
          -86.19089828229559,
          36.01103999605578
        ]
      },
      "properties": {
        "source": "nexrad",
        "pred_class": 1,
        "probs": [
          0.26734355092048645,
          0.7326564788818359
        ],
        "severe_prob": 0.7326564788818359,
        "prob_max": 0.7326564788818359,
        "true_class": 1.0,
        "flight_level_ft": 5000.0,
        "delta_t_seconds": 80.0,
        "pirep_time": "2024-12-18T15:01:00",
        "patch_id": "0000210_2024_12_df_row.nc"
      }
    },
    {
      "type": "Feature",
      "geometry": {
        "type": "Point",
        "coordinates": [
          -105.11719,
          39.90881
        ]
      },
      "properties": {
        "source": "nexrad",
        "pred_class": 1,
        "probs": [
          0.2852556109428406,
          0.7147444486618042
        ],
        "severe_prob": 0.7147444486618042,
        "prob_max": 0.7147444486618042,
        "true_class": 1.0,
        "flight_level_ft": 6500.0,
        "delta_t_seconds": 384.0,
        "pirep_time": "2024-12-17T17:19:00",
        "patch_id": "0000216_2024_12_df_row.nc"
      }
    },
    {
      "type": "Feature",
      "geometry": {
        "type": "Point",
        "coordinates": [
          -104.97813607776388,
          39.78938443920415
        ]
      },
      "properties": {
        "source": "nexrad",
        "pred_class": 1,
        "probs": [
          0.03975754231214523,
          0.9602424502372742
        ],
        "severe_prob": 0.9602424502372742,
        "prob_max": 0.9602424502372742,
        "true_class": 1.0,
        "flight_level_ft": 8000.0,
        "delta_t_seconds": 246.0,
        "pirep_time": "2024-12-29T23:45:00",
        "patch_id": "0000226_2024_12_df_row.nc"
      }
    },
    {
      "type": "Feature",
      "geometry": {
        "type": "Point",
        "coordinates": [
          -94.97582912946838,
          29.9844
        ]
      },
      "properties": {
        "source": "nexrad",
        "pred_class": 0,
        "probs": [
          0.7950407266616821,
          0.20495933294296265
        ],
        "severe_prob": 0.20495933294296265,
        "prob_max": 0.7950407266616821,
        "true_class": 0.0,
        "flight_level_ft": 14000.0,
        "delta_t_seconds": 309.0,
        "pirep_time": "2024-12-26T19:43:00",
        "patch_id": "0000233_2024_12_df_row.nc"
      }
    },
    {
      "type": "Feature",
      "geometry": {
        "type": "Point",
        "coordinates": [
          -118.64979768415516,
          34.22134170698265
        ]
      },
      "properties": {
        "source": "nexrad",
        "pred_class": 1,
        "probs": [
          0.060558296740055084,
          0.9394416213035583
        ],
        "severe_prob": 0.9394416213035583,
        "prob_max": 0.9394416213035583,
        "true_class": 1.0,
        "flight_level_ft": 3600.0,
        "delta_t_seconds": 381.0,
        "pirep_time": "2024-12-15T20:11:00",
        "patch_id": "0000237_2024_12_df_row.nc"
      }
    },
    {
      "type": "Feature",
      "geometry": {
        "type": "Point",
        "coordinates": [
          -80.27587683119023,
          40.02
        ]
      },
      "properties": {
        "source": "nexrad",
        "pred_class": 0,
        "probs": [
          0.9666076898574829,
          0.033392373472452164
        ],
        "severe_prob": 0.033392373472452164,
        "prob_max": 0.9666076898574829,
        "true_class": 0.0,
        "flight_level_ft": 13000.0,
        "delta_t_seconds": 200.0,
        "pirep_time": "2024-12-29T23:25:00",
        "patch_id": "0000240_2024_12_df_row.nc"
      }
    },
    {
      "type": "Feature",
      "geometry": {
        "type": "Point",
        "coordinates": [
          -104.87373769240511,
          37.99534830962787
        ]
      },
      "properties": {
        "source": "nexrad",
        "pred_class": 1,
        "probs": [
          0.0035408444236963987,
          0.9964591860771179
        ],
        "severe_prob": 0.9964591860771179,
        "prob_max": 0.9964591860771179,
        "true_class": 1.0,
        "flight_level_ft": 11000.0,
        "delta_t_seconds": 56.0,
        "pirep_time": "2024-12-15T18:49:00",
        "patch_id": "0000241_2024_12_df_row.nc"
      }
    },
    {
      "type": "Feature",
      "geometry": {
        "type": "Point",
        "coordinates": [
          -122.28554702324784,
          47.38093118555162
        ]
      },
      "properties": {
        "source": "nexrad",
        "pred_class": 0,
        "probs": [
          0.7841206192970276,
          0.2158793807029724
        ],
        "severe_prob": 0.2158793807029724,
        "prob_max": 0.7841206192970276,
        "true_class": 0.0,
        "flight_level_ft": 4800.0,
        "delta_t_seconds": 3.0,
        "pirep_time": "2024-12-25T23:46:00",
        "patch_id": "0000244_2024_12_df_row.nc"
      }
    },
    {
      "type": "Feature",
      "geometry": {
        "type": "Point",
        "coordinates": [
          -80.81873398319613,
          27.75258244738784
        ]
      },
      "properties": {
        "source": "nexrad",
        "pred_class": 0,
        "probs": [
          0.7962335348129272,
          0.20376643538475037
        ],
        "severe_prob": 0.20376643538475037,
        "prob_max": 0.7962335348129272,
        "true_class": 0.0,
        "flight_level_ft": 6000.0,
        "delta_t_seconds": 274.0,
        "pirep_time": "2024-12-29T17:10:00",
        "patch_id": "0000245_2024_12_df_row.nc"
      }
    },
    {
      "type": "Feature",
      "geometry": {
        "type": "Point",
        "coordinates": [
          -77.87,
          38.72334008334008
        ]
      },
      "properties": {
        "source": "nexrad",
        "pred_class": 1,
        "probs": [
          0.04032587260007858,
          0.9596741795539856
        ],
        "severe_prob": 0.9596741795539856,
        "prob_max": 0.9596741795539856,
        "true_class": 1.0,
        "flight_level_ft": 7000.0,
        "delta_t_seconds": 163.0,
        "pirep_time": "2024-12-11T14:45:00",
        "patch_id": "0000249_2024_12_df_row.nc"
      }
    },
    {
      "type": "Feature",
      "geometry": {
        "type": "Point",
        "coordinates": [
          -119.72985846121225,
          39.30332728753801
        ]
      },
      "properties": {
        "source": "nexrad",
        "pred_class": 1,
        "probs": [
          0.017117442563176155,
          0.982882559299469
        ],
        "severe_prob": 0.982882559299469,
        "prob_max": 0.982882559299469,
        "true_class": 1.0,
        "flight_level_ft": 11000.0,
        "delta_t_seconds": 9.0,
        "pirep_time": "2024-12-28T00:27:00",
        "patch_id": "0000250_2024_12_df_row.nc"
      }
    },
    {
      "type": "Feature",
      "geometry": {
        "type": "Point",
        "coordinates": [
          -105.27980348491472,
          40.16741335605183
        ]
      },
      "properties": {
        "source": "nexrad",
        "pred_class": 1,
        "probs": [
          0.25042182207107544,
          0.7495781779289246
        ],
        "severe_prob": 0.7495781779289246,
        "prob_max": 0.7495781779289246,
        "true_class": 0.0,
        "flight_level_ft": 17000.0,
        "delta_t_seconds": 569.0,
        "pirep_time": "2024-12-29T04:00:00",
        "patch_id": "0000251_2024_12_df_row.nc"
      }
    },
    {
      "type": "Feature",
      "geometry": {
        "type": "Point",
        "coordinates": [
          -86.31639,
          41.70722
        ]
      },
      "properties": {
        "source": "nexrad",
        "pred_class": 0,
        "probs": [
          0.819837749004364,
          0.18016226589679718
        ],
        "severe_prob": 0.18016226589679718,
        "prob_max": 0.819837749004364,
        "true_class": 0.0,
        "flight_level_ft": 10000.0,
        "delta_t_seconds": 166.0,
        "pirep_time": "2024-12-29T20:40:00",
        "patch_id": "0000253_2024_12_df_row.nc"
      }
    },
    {
      "type": "Feature",
      "geometry": {
        "type": "Point",
        "coordinates": [
          -95.15887824347418,
          33.86494545463573
        ]
      },
      "properties": {
        "source": "nexrad",
        "pred_class": 1,
        "probs": [
          0.11500626802444458,
          0.8849937319755554
        ],
        "severe_prob": 0.8849937319755554,
        "prob_max": 0.8849937319755554,
        "true_class": 1.0,
        "flight_level_ft": 27000.0,
        "delta_t_seconds": 260.0,
        "pirep_time": "2024-12-08T00:51:00",
        "patch_id": "0000254_2024_12_df_row.nc"
      }
    },
    {
      "type": "Feature",
      "geometry": {
        "type": "Point",
        "coordinates": [
          -82.00556840879116,
          29.777211961746247
        ]
      },
      "properties": {
        "source": "nexrad",
        "pred_class": 1,
        "probs": [
          0.013819023966789246,
          0.9861809611320496
        ],
        "severe_prob": 0.9861809611320496,
        "prob_max": 0.9861809611320496,
        "true_class": 1.0,
        "flight_level_ft": 22000.0,
        "delta_t_seconds": 140.0,
        "pirep_time": "2024-12-11T15:51:00",
        "patch_id": "0000255_2024_12_df_row.nc"
      }
    },
    {
      "type": "Feature",
      "geometry": {
        "type": "Point",
        "coordinates": [
          -83.25327898326263,
          27.91
        ]
      },
      "properties": {
        "source": "nexrad",
        "pred_class": 1,
        "probs": [
          8.661916217533872e-05,
          0.9999133348464966
        ],
        "severe_prob": 0.9999133348464966,
        "prob_max": 0.9999133348464966,
        "true_class": 1.0,
        "flight_level_ft": 30000.0,
        "delta_t_seconds": 149.0,
        "pirep_time": "2024-12-29T20:48:00",
        "patch_id": "0000263_2024_12_df_row.nc"
      }
    },
    {
      "type": "Feature",
      "geometry": {
        "type": "Point",
        "coordinates": [
          -77.68426547793857,
          38.93
        ]
      },
      "properties": {
        "source": "nexrad",
        "pred_class": 1,
        "probs": [
          0.2015160620212555,
          0.7984839677810669
        ],
        "severe_prob": 0.7984839677810669,
        "prob_max": 0.7984839677810669,
        "true_class": 1.0,
        "flight_level_ft": 10000.0,
        "delta_t_seconds": 144.0,
        "pirep_time": "2024-12-11T18:06:00",
        "patch_id": "0000264_2024_12_df_row.nc"
      }
    },
    {
      "type": "Feature",
      "geometry": {
        "type": "Point",
        "coordinates": [
          -119.77111,
          39.23386974997975
        ]
      },
      "properties": {
        "source": "nexrad",
        "pred_class": 1,
        "probs": [
          0.05569224804639816,
          0.944307804107666
        ],
        "severe_prob": 0.944307804107666,
        "prob_max": 0.944307804107666,
        "true_class": 1.0,
        "flight_level_ft": 9000.0,
        "delta_t_seconds": 362.0,
        "pirep_time": "2024-12-28T08:35:00",
        "patch_id": "0000265_2024_12_df_row.nc"
      }
    },
    {
      "type": "Feature",
      "geometry": {
        "type": "Point",
        "coordinates": [
          -149.56774511380442,
          61.095889633153256
        ]
      },
      "properties": {
        "source": "nexrad",
        "pred_class": 1,
        "probs": [
          0.15154187381267548,
          0.8484581112861633
        ],
        "severe_prob": 0.8484581112861633,
        "prob_max": 0.8484581112861633,
        "true_class": 1.0,
        "flight_level_ft": 9000.0,
        "delta_t_seconds": 29.0,
        "pirep_time": "2024-12-10T22:32:00",
        "patch_id": "0000266_2024_12_df_row.nc"
      }
    },
    {
      "type": "Feature",
      "geometry": {
        "type": "Point",
        "coordinates": [
          -122.37489,
          37.61897
        ]
      },
      "properties": {
        "source": "nexrad",
        "pred_class": 1,
        "probs": [
          0.37543392181396484,
          0.6245661377906799
        ],
        "severe_prob": 0.6245661377906799,
        "prob_max": 0.6245661377906799,
        "true_class": 1.0,
        "flight_level_ft": 12000.0,
        "delta_t_seconds": 39.0,
        "pirep_time": "2024-12-23T03:35:00",
        "patch_id": "0000267_2024_12_df_row.nc"
      }
    },
    {
      "type": "Feature",
      "geometry": {
        "type": "Point",
        "coordinates": [
          -91.544535,
          41.63939
        ]
      },
      "properties": {
        "source": "nexrad",
        "pred_class": 0,
        "probs": [
          0.695778489112854,
          0.3042215406894684
        ],
        "severe_prob": 0.3042215406894684,
        "prob_max": 0.695778489112854,
        "true_class": 0.0,
        "flight_level_ft": 11000.0,
        "delta_t_seconds": 183.0,
        "pirep_time": "2024-12-12T20:11:00",
        "patch_id": "0000276_2024_12_df_row.nc"
      }
    },
    {
      "type": "Feature",
      "geometry": {
        "type": "Point",
        "coordinates": [
          -121.8676357939515,
          47.585574164618045
        ]
      },
      "properties": {
        "source": "nexrad",
        "pred_class": 1,
        "probs": [
          0.026013566181063652,
          0.9739863872528076
        ],
        "severe_prob": 0.9739863872528076,
        "prob_max": 0.9739863872528076,
        "true_class": 1.0,
        "flight_level_ft": 10000.0,
        "delta_t_seconds": 140.0,
        "pirep_time": "2024-12-24T03:51:00",
        "patch_id": "0000277_2024_12_df_row.nc"
      }
    },
    {
      "type": "Feature",
      "geometry": {
        "type": "Point",
        "coordinates": [
          -135.36,
          57.04
        ]
      },
      "properties": {
        "source": "nexrad",
        "pred_class": 0,
        "probs": [
          0.6034409999847412,
          0.3965590298175812
        ],
        "severe_prob": 0.3965590298175812,
        "prob_max": 0.6034409999847412,
        "true_class": 1.0,
        "flight_level_ft": 8000.0,
        "delta_t_seconds": 206.0,
        "pirep_time": "2024-12-22T16:02:00",
        "patch_id": "0000281_2024_12_df_row.nc"
      }
    },
    {
      "type": "Feature",
      "geometry": {
        "type": "Point",
        "coordinates": [
          -85.00974714694064,
          31.739710173149263
        ]
      },
      "properties": {
        "source": "nexrad",
        "pred_class": 0,
        "probs": [
          0.7406099438667297,
          0.25939005613327026
        ],
        "severe_prob": 0.25939005613327026,
        "prob_max": 0.7406099438667297,
        "true_class": 0.0,
        "flight_level_ft": 22000.0,
        "delta_t_seconds": 178.0,
        "pirep_time": "2024-12-29T13:55:00",
        "patch_id": "0000282_2024_12_df_row.nc"
      }
    },
    {
      "type": "Feature",
      "geometry": {
        "type": "Point",
        "coordinates": [
          -104.85,
          39.57
        ]
      },
      "properties": {
        "source": "nexrad",
        "pred_class": 1,
        "probs": [
          0.35356634855270386,
          0.6464336514472961
        ],
        "severe_prob": 0.6464336514472961,
        "prob_max": 0.6464336514472961,
        "true_class": 1.0,
        "flight_level_ft": 8400.0,
        "delta_t_seconds": 386.0,
        "pirep_time": "2024-12-18T00:50:00",
        "patch_id": "0000291_2024_12_df_row.nc"
      }
    },
    {
      "type": "Feature",
      "geometry": {
        "type": "Point",
        "coordinates": [
          -104.6575,
          39.8328
        ]
      },
      "properties": {
        "source": "nexrad",
        "pred_class": 0,
        "probs": [
          0.6143761873245239,
          0.3856237232685089
        ],
        "severe_prob": 0.3856237232685089,
        "prob_max": 0.6143761873245239,
        "true_class": 0.0,
        "flight_level_ft": 7000.0,
        "delta_t_seconds": 158.0,
        "pirep_time": "2024-12-13T15:38:00",
        "patch_id": "0000296_2024_12_df_row.nc"
      }
    },
    {
      "type": "Feature",
      "geometry": {
        "type": "Point",
        "coordinates": [
          -122.50562184585216,
          47.80182580238371
        ]
      },
      "properties": {
        "source": "nexrad",
        "pred_class": 0,
        "probs": [
          0.9408233761787415,
          0.05917660519480705
        ],
        "severe_prob": 0.05917660519480705,
        "prob_max": 0.9408233761787415,
        "true_class": 0.0,
        "flight_level_ft": 25000.0,
        "delta_t_seconds": 3.0,
        "pirep_time": "2024-12-25T18:02:00",
        "patch_id": "0000297_2024_12_df_row.nc"
      }
    },
    {
      "type": "Feature",
      "geometry": {
        "type": "Point",
        "coordinates": [
          -104.6575,
          39.8328
        ]
      },
      "properties": {
        "source": "nexrad",
        "pred_class": 0,
        "probs": [
          0.5996561646461487,
          0.4003438949584961
        ],
        "severe_prob": 0.4003438949584961,
        "prob_max": 0.5996561646461487,
        "true_class": 0.0,
        "flight_level_ft": 7000.0,
        "delta_t_seconds": 207.0,
        "pirep_time": "2024-12-15T17:12:00",
        "patch_id": "0000298_2024_12_df_row.nc"
      }
    },
    {
      "type": "Feature",
      "geometry": {
        "type": "Point",
        "coordinates": [
          -81.68786,
          30.827420333360333
        ]
      },
      "properties": {
        "source": "nexrad",
        "pred_class": 1,
        "probs": [
          0.0665263831615448,
          0.9334735870361328
        ],
        "severe_prob": 0.9334735870361328,
        "prob_max": 0.9334735870361328,
        "true_class": 1.0,
        "flight_level_ft": 6000.0,
        "delta_t_seconds": 291.0,
        "pirep_time": "2024-12-29T15:45:00",
        "patch_id": "0000303_2024_12_df_row.nc"
      }
    },
    {
      "type": "Feature",
      "geometry": {
        "type": "Point",
        "coordinates": [
          -119.5853039723146,
          39.27908540108227
        ]
      },
      "properties": {
        "source": "nexrad",
        "pred_class": 1,
        "probs": [
          0.3287404477596283,
          0.6712595224380493
        ],
        "severe_prob": 0.6712595224380493,
        "prob_max": 0.6712595224380493,
        "true_class": 0.0,
        "flight_level_ft": 13000.0,
        "delta_t_seconds": 200.0,
        "pirep_time": "2024-12-30T02:20:00",
        "patch_id": "0000304_2024_12_df_row.nc"
      }
    },
    {
      "type": "Feature",
      "geometry": {
        "type": "Point",
        "coordinates": [
          -77.87,
          38.4399837999838
        ]
      },
      "properties": {
        "source": "nexrad",
        "pred_class": 0,
        "probs": [
          0.861099898815155,
          0.13890014588832855
        ],
        "severe_prob": 0.13890014588832855,
        "prob_max": 0.861099898815155,
        "true_class": 1.0,
        "flight_level_ft": 11000.0,
        "delta_t_seconds": 89.0,
        "pirep_time": "2024-12-11T21:06:00",
        "patch_id": "0000306_2024_12_df_row.nc"
      }
    },
    {
      "type": "Feature",
      "geometry": {
        "type": "Point",
        "coordinates": [
          -83.17965360182666,
          42.84229101422328
        ]
      },
      "properties": {
        "source": "nexrad",
        "pred_class": 0,
        "probs": [
          0.6078060865402222,
          0.39219388365745544
        ],
        "severe_prob": 0.39219388365745544,
        "prob_max": 0.6078060865402222,
        "true_class": 0.0,
        "flight_level_ft": 3000.0,
        "delta_t_seconds": 270.0,
        "pirep_time": "2024-12-06T00:01:00",
        "patch_id": "0000309_2024_12_df_row.nc"
      }
    },
    {
      "type": "Feature",
      "geometry": {
        "type": "Point",
        "coordinates": [
          -78.24852930142741,
          38.33016662319523
        ]
      },
      "properties": {
        "source": "nexrad",
        "pred_class": 1,
        "probs": [
          0.06020095944404602,
          0.9397990703582764
        ],
        "severe_prob": 0.9397990703582764,
        "prob_max": 0.9397990703582764,
        "true_class": 1.0,
        "flight_level_ft": 3500.0,
        "delta_t_seconds": 233.0,
        "pirep_time": "2024-12-29T19:37:00",
        "patch_id": "0000310_2024_12_df_row.nc"
      }
    },
    {
      "type": "Feature",
      "geometry": {
        "type": "Point",
        "coordinates": [
          -82.5375,
          35.43194
        ]
      },
      "properties": {
        "source": "nexrad",
        "pred_class": 0,
        "probs": [
          0.6890960931777954,
          0.310903936624527
        ],
        "severe_prob": 0.310903936624527,
        "prob_max": 0.6890960931777954,
        "true_class": 0.0,
        "flight_level_ft": 8000.0,
        "delta_t_seconds": 247.0,
        "pirep_time": "2024-12-04T19:52:00",
        "patch_id": "0000311_2024_12_df_row.nc"
      }
    },
    {
      "type": "Feature",
      "geometry": {
        "type": "Point",
        "coordinates": [
          -81.20917642240121,
          29.30056
        ]
      },
      "properties": {
        "source": "nexrad",
        "pred_class": 1,
        "probs": [
          0.02806619368493557,
          0.9719337821006775
        ],
        "severe_prob": 0.9719337821006775,
        "prob_max": 0.9719337821006775,
        "true_class": 1.0,
        "flight_level_ft": 7000.0,
        "delta_t_seconds": 76.0,
        "pirep_time": "2024-12-29T21:32:00",
        "patch_id": "0000314_2024_12_df_row.nc"
      }
    },
    {
      "type": "Feature",
      "geometry": {
        "type": "Point",
        "coordinates": [
          -122.28157,
          47.90699
        ]
      },
      "properties": {
        "source": "nexrad",
        "pred_class": 1,
        "probs": [
          0.47942572832107544,
          0.5205742120742798
        ],
        "severe_prob": 0.5205742120742798,
        "prob_max": 0.5205742120742798,
        "true_class": 1.0,
        "flight_level_ft": 2000.0,
        "delta_t_seconds": 10.0,
        "pirep_time": "2024-12-20T20:35:00",
        "patch_id": "0000323_2024_12_df_row.nc"
      }
    },
    {
      "type": "Feature",
      "geometry": {
        "type": "Point",
        "coordinates": [
          -87.95,
          42.22
        ]
      },
      "properties": {
        "source": "nexrad",
        "pred_class": 0,
        "probs": [
          0.7197768688201904,
          0.2802230715751648
        ],
        "severe_prob": 0.2802230715751648,
        "prob_max": 0.7197768688201904,
        "true_class": 0.0,
        "flight_level_ft": 5000.0,
        "delta_t_seconds": 50.0,
        "pirep_time": "2024-12-30T23:21:00",
        "patch_id": "0000328_2024_12_df_row.nc"
      }
    },
    {
      "type": "Feature",
      "geometry": {
        "type": "Point",
        "coordinates": [
          -80.16223087,
          25.695347376635617
        ]
      },
      "properties": {
        "source": "nexrad",
        "pred_class": 0,
        "probs": [
          0.5118942856788635,
          0.4881057143211365
        ],
        "severe_prob": 0.4881057143211365,
        "prob_max": 0.5118942856788635,
        "true_class": 0.0,
        "flight_level_ft": 1600.0,
        "delta_t_seconds": 467.0,
        "pirep_time": "2024-12-13T22:07:00",
        "patch_id": "0000335_2024_12_df_row.nc"
      }
    },
    {
      "type": "Feature",
      "geometry": {
        "type": "Point",
        "coordinates": [
          -119.71628943772484,
          39.283778119370005
        ]
      },
      "properties": {
        "source": "nexrad",
        "pred_class": 1,
        "probs": [
          0.01291111670434475,
          0.9870888590812683
        ],
        "severe_prob": 0.9870888590812683,
        "prob_max": 0.9870888590812683,
        "true_class": 1.0,
        "flight_level_ft": 12000.0,
        "delta_t_seconds": 203.0,
        "pirep_time": "2024-12-27T05:45:00",
        "patch_id": "0000340_2024_12_df_row.nc"
      }
    },
    {
      "type": "Feature",
      "geometry": {
        "type": "Point",
        "coordinates": [
          -85.86381185486177,
          36.11889
        ]
      },
      "properties": {
        "source": "nexrad",
        "pred_class": 1,
        "probs": [
          0.026261337101459503,
          0.9737387299537659
        ],
        "severe_prob": 0.9737387299537659,
        "prob_max": 0.9737387299537659,
        "true_class": 1.0,
        "flight_level_ft": 5000.0,
        "delta_t_seconds": 80.0,
        "pirep_time": "2024-12-18T15:01:00",
        "patch_id": "0000349_2024_12_df_row.nc"
      }
    },
    {
      "type": "Feature",
      "geometry": {
        "type": "Point",
        "coordinates": [
          -75.77866554525266,
          39.92
        ]
      },
      "properties": {
        "source": "nexrad",
        "pred_class": 0,
        "probs": [
          0.9485846161842346,
          0.051415372639894485
        ],
        "severe_prob": 0.051415372639894485,
        "prob_max": 0.9485846161842346,
        "true_class": 0.0,
        "flight_level_ft": 13000.0,
        "delta_t_seconds": 330.0,
        "pirep_time": "2024-12-11T20:42:00",
        "patch_id": "0000352_2024_12_df_row.nc"
      }
    },
    {
      "type": "Feature",
      "geometry": {
        "type": "Point",
        "coordinates": [
          -117.32256,
          47.61614793332793
        ]
      },
      "properties": {
        "source": "nexrad",
        "pred_class": 1,
        "probs": [
          0.0822150707244873,
          0.9177849888801575
        ],
        "severe_prob": 0.9177849888801575,
        "prob_max": 0.9177849888801575,
        "true_class": 1.0,
        "flight_level_ft": 5000.0,
        "delta_t_seconds": 280.0,
        "pirep_time": "2024-12-18T16:42:00",
        "patch_id": "0000355_2024_12_df_row.nc"
      }
    },
    {
      "type": "Feature",
      "geometry": {
        "type": "Point",
        "coordinates": [
          -88.43241172317272,
          37.39962695733018
        ]
      },
      "properties": {
        "source": "nexrad",
        "pred_class": 1,
        "probs": [
          0.02682829275727272,
          0.9731717109680176
        ],
        "severe_prob": 0.9731717109680176,
        "prob_max": 0.9731717109680176,
        "true_class": 0.0,
        "flight_level_ft": 25000.0,
        "delta_t_seconds": 72.0,
        "pirep_time": "2024-12-08T23:03:00",
        "patch_id": "0000356_2024_12_df_row.nc"
      }
    },
    {
      "type": "Feature",
      "geometry": {
        "type": "Point",
        "coordinates": [
          -105.11719,
          39.90881
        ]
      },
      "properties": {
        "source": "nexrad",
        "pred_class": 1,
        "probs": [
          0.09873898327350616,
          0.901261031627655
        ],
        "severe_prob": 0.901261031627655,
        "prob_max": 0.901261031627655,
        "true_class": 0.0,
        "flight_level_ft": 8000.0,
        "delta_t_seconds": 12.0,
        "pirep_time": "2024-12-30T03:20:00",
        "patch_id": "0000362_2024_12_df_row.nc"
      }
    },
    {
      "type": "Feature",
      "geometry": {
        "type": "Point",
        "coordinates": [
          -119.66,
          39.06329553329554
        ]
      },
      "properties": {
        "source": "nexrad",
        "pred_class": 1,
        "probs": [
          0.08721162378787994,
          0.9127883315086365
        ],
        "severe_prob": 0.9127883315086365,
        "prob_max": 0.9127883315086365,
        "true_class": 1.0,
        "flight_level_ft": 9000.0,
        "delta_t_seconds": 136.0,
        "pirep_time": "2024-12-21T22:50:00",
        "patch_id": "0000373_2024_12_df_row.nc"
      }
    },
    {
      "type": "Feature",
      "geometry": {
        "type": "Point",
        "coordinates": [
          -93.30519996990856,
          31.439626957330173
        ]
      },
      "properties": {
        "source": "nexrad",
        "pred_class": 0,
        "probs": [
          0.9071071743965149,
          0.09289276599884033
        ],
        "severe_prob": 0.09289276599884033,
        "prob_max": 0.9071071743965149,
        "true_class": 1.0,
        "flight_level_ft": 29000.0,
        "delta_t_seconds": 122.0,
        "pirep_time": "2024-12-28T19:00:00",
        "patch_id": "0000375_2024_12_df_row.nc"
      }
    },
    {
      "type": "Feature",
      "geometry": {
        "type": "Point",
        "coordinates": [
          -81.93508,
          35.42822
        ]
      },
      "properties": {
        "source": "nexrad",
        "pred_class": 0,
        "probs": [
          0.7167471647262573,
          0.28325289487838745
        ],
        "severe_prob": 0.28325289487838745,
        "prob_max": 0.7167471647262573,
        "true_class": 1.0,
        "flight_level_ft": 16000.0,
        "delta_t_seconds": 282.0,
        "pirep_time": "2024-12-29T18:09:00",
        "patch_id": "0000383_2024_12_df_row.nc"
      }
    },
    {
      "type": "Feature",
      "geometry": {
        "type": "Point",
        "coordinates": [
          -117.60119,
          34.056
        ]
      },
      "properties": {
        "source": "nexrad",
        "pred_class": 1,
        "probs": [
          0.3213618993759155,
          0.6786381602287292
        ],
        "severe_prob": 0.6786381602287292,
        "prob_max": 0.6786381602287292,
        "true_class": 1.0,
        "flight_level_ft": 5000.0,
        "delta_t_seconds": 124.0,
        "pirep_time": "2024-12-17T19:00:00",
        "patch_id": "0000385_2024_12_df_row.nc"
      }
    },
    {
      "type": "Feature",
      "geometry": {
        "type": "Point",
        "coordinates": [
          -86.19089828229559,
          36.01103999605578
        ]
      },
      "properties": {
        "source": "nexrad",
        "pred_class": 1,
        "probs": [
          0.26734355092048645,
          0.7326564788818359
        ],
        "severe_prob": 0.7326564788818359,
        "prob_max": 0.7326564788818359,
        "true_class": 1.0,
        "flight_level_ft": 5000.0,
        "delta_t_seconds": 80.0,
        "pirep_time": "2024-12-18T15:01:00",
        "patch_id": "0000394_2024_12_df_row.nc"
      }
    },
    {
      "type": "Feature",
      "geometry": {
        "type": "Point",
        "coordinates": [
          -81.37,
          39.44
        ]
      },
      "properties": {
        "source": "nexrad",
        "pred_class": 1,
        "probs": [
          0.021654121577739716,
          0.9783459305763245
        ],
        "severe_prob": 0.9783459305763245,
        "prob_max": 0.9783459305763245,
        "true_class": 1.0,
        "flight_level_ft": 18000.0,
        "delta_t_seconds": 172.0,
        "pirep_time": "2024-12-11T14:30:00",
        "patch_id": "0000398_2024_12_df_row.nc"
      }
    },
    {
      "type": "Feature",
      "geometry": {
        "type": "Point",
        "coordinates": [
          -84.9863227987919,
          33.41922980104999
        ]
      },
      "properties": {
        "source": "nexrad",
        "pred_class": 0,
        "probs": [
          0.7671046853065491,
          0.23289529979228973
        ],
        "severe_prob": 0.23289529979228973,
        "prob_max": 0.7671046853065491,
        "true_class": 0.0,
        "flight_level_ft": 18000.0,
        "delta_t_seconds": 232.0,
        "pirep_time": "2024-12-29T12:35:00",
        "patch_id": "0000400_2024_12_df_row.nc"
      }
    },
    {
      "type": "Feature",
      "geometry": {
        "type": "Point",
        "coordinates": [
          -77.87,
          38.72334008334008
        ]
      },
      "properties": {
        "source": "nexrad",
        "pred_class": 1,
        "probs": [
          0.04032587260007858,
          0.9596741795539856
        ],
        "severe_prob": 0.9596741795539856,
        "prob_max": 0.9596741795539856,
        "true_class": 1.0,
        "flight_level_ft": 7000.0,
        "delta_t_seconds": 163.0,
        "pirep_time": "2024-12-11T14:45:00",
        "patch_id": "0000404_2024_12_df_row.nc"
      }
    },
    {
      "type": "Feature",
      "geometry": {
        "type": "Point",
        "coordinates": [
          -104.8815956754699,
          39.58703448129872
        ]
      },
      "properties": {
        "source": "nexrad",
        "pred_class": 1,
        "probs": [
          0.3914450407028198,
          0.608555018901825
        ],
        "severe_prob": 0.608555018901825,
        "prob_max": 0.608555018901825,
        "true_class": 1.0,
        "flight_level_ft": 8000.0,
        "delta_t_seconds": 228.0,
        "pirep_time": "2024-12-12T02:26:00",
        "patch_id": "0000406_2024_12_df_row.nc"
      }
    },
    {
      "type": "Feature",
      "geometry": {
        "type": "Point",
        "coordinates": [
          -80.7513202907481,
          38.081981690372125
        ]
      },
      "properties": {
        "source": "nexrad",
        "pred_class": 1,
        "probs": [
          0.05527578294277191,
          0.9447242617607117
        ],
        "severe_prob": 0.9447242617607117,
        "prob_max": 0.9447242617607117,
        "true_class": 1.0,
        "flight_level_ft": 12000.0,
        "delta_t_seconds": 138.0,
        "pirep_time": "2024-12-31T17:21:00",
        "patch_id": "0000407_2024_12_df_row.nc"
      }
    },
    {
      "type": "Feature",
      "geometry": {
        "type": "Point",
        "coordinates": [
          -105.1274377245017,
          39.62444979164979
        ]
      },
      "properties": {
        "source": "nexrad",
        "pred_class": 1,
        "probs": [
          0.015376412309706211,
          0.9846236109733582
        ],
        "severe_prob": 0.9846236109733582,
        "prob_max": 0.9846236109733582,
        "true_class": 1.0,
        "flight_level_ft": 11000.0,
        "delta_t_seconds": 304.0,
        "pirep_time": "2024-12-28T23:40:00",
        "patch_id": "0000409_2024_12_df_row.nc"
      }
    },
    {
      "type": "Feature",
      "geometry": {
        "type": "Point",
        "coordinates": [
          -96.60180026735436,
          30.73146572402221
        ]
      },
      "properties": {
        "source": "nexrad",
        "pred_class": 1,
        "probs": [
          0.044343046844005585,
          0.9556570053100586
        ],
        "severe_prob": 0.9556570053100586,
        "prob_max": 0.9556570053100586,
        "true_class": 1.0,
        "flight_level_ft": 6000.0,
        "delta_t_seconds": 105.0,
        "pirep_time": "2024-12-26T22:00:00",
        "patch_id": "0000410_2024_12_df_row.nc"
      }
    },
    {
      "type": "Feature",
      "geometry": {
        "type": "Point",
        "coordinates": [
          -122.37489,
          37.61897
        ]
      },
      "properties": {
        "source": "nexrad",
        "pred_class": 1,
        "probs": [
          0.37543392181396484,
          0.6245661377906799
        ],
        "severe_prob": 0.6245661377906799,
        "prob_max": 0.6245661377906799,
        "true_class": 1.0,
        "flight_level_ft": 12000.0,
        "delta_t_seconds": 39.0,
        "pirep_time": "2024-12-23T03:35:00",
        "patch_id": "0000412_2024_12_df_row.nc"
      }
    },
    {
      "type": "Feature",
      "geometry": {
        "type": "Point",
        "coordinates": [
          -118.035,
          33.9859918999919
        ]
      },
      "properties": {
        "source": "nexrad",
        "pred_class": 1,
        "probs": [
          0.2667560279369354,
          0.7332440614700317
        ],
        "severe_prob": 0.7332440614700317,
        "prob_max": 0.7332440614700317,
        "true_class": 1.0,
        "flight_level_ft": 2100.0,
        "delta_t_seconds": 4.0,
        "pirep_time": "2024-12-10T17:59:00",
        "patch_id": "0000414_2024_12_df_row.nc"
      }
    },
    {
      "type": "Feature",
      "geometry": {
        "type": "Point",
        "coordinates": [
          -87.41278,
          41.61628
        ]
      },
      "properties": {
        "source": "nexrad",
        "pred_class": 0,
        "probs": [
          0.8702829480171204,
          0.12971697747707367
        ],
        "severe_prob": 0.12971697747707367,
        "prob_max": 0.8702829480171204,
        "true_class": 0.0,
        "flight_level_ft": 11000.0,
        "delta_t_seconds": 69.0,
        "pirep_time": "2024-12-27T18:04:00",
        "patch_id": "0000418_2024_12_df_row.nc"
      }
    },
    {
      "type": "Feature",
      "geometry": {
        "type": "Point",
        "coordinates": [
          -105.11719,
          39.65878974997975
        ]
      },
      "properties": {
        "source": "nexrad",
        "pred_class": 1,
        "probs": [
          0.01764734834432602,
          0.9823526740074158
        ],
        "severe_prob": 0.9823526740074158,
        "prob_max": 0.9823526740074158,
        "true_class": 1.0,
        "flight_level_ft": 11000.0,
        "delta_t_seconds": 512.0,
        "pirep_time": "2024-12-15T21:48:00",
        "patch_id": "0000423_2024_12_df_row.nc"
      }
    },
    {
      "type": "Feature",
      "geometry": {
        "type": "Point",
        "coordinates": [
          -79.81553395328017,
          35.81
        ]
      },
      "properties": {
        "source": "nexrad",
        "pred_class": 1,
        "probs": [
          0.012466884218156338,
          0.9875330924987793
        ],
        "severe_prob": 0.9875330924987793,
        "prob_max": 0.9875330924987793,
        "true_class": 1.0,
        "flight_level_ft": 11000.0,
        "delta_t_seconds": 204.0,
        "pirep_time": "2024-12-11T19:02:00",
        "patch_id": "0000424_2024_12_df_row.nc"
      }
    },
    {
      "type": "Feature",
      "geometry": {
        "type": "Point",
        "coordinates": [
          -119.73360860110203,
          39.31974207958001
        ]
      },
      "properties": {
        "source": "nexrad",
        "pred_class": 1,
        "probs": [
          0.4452371597290039,
          0.5547628402709961
        ],
        "severe_prob": 0.5547628402709961,
        "prob_max": 0.5547628402709961,
        "true_class": 1.0,
        "flight_level_ft": 5000.0,
        "delta_t_seconds": 200.0,
        "pirep_time": "2024-12-26T15:48:00",
        "patch_id": "0000429_2024_12_df_row.nc"
      }
    },
    {
      "type": "Feature",
      "geometry": {
        "type": "Point",
        "coordinates": [
          -82.13,
          35.77327933327933
        ]
      },
      "properties": {
        "source": "nexrad",
        "pred_class": 1,
        "probs": [
          0.15425807237625122,
          0.8457419276237488
        ],
        "severe_prob": 0.8457419276237488,
        "prob_max": 0.8457419276237488,
        "true_class": 1.0,
        "flight_level_ft": 15000.0,
        "delta_t_seconds": 126.0,
        "pirep_time": "2024-12-11T13:59:00",
        "patch_id": "0000431_2024_12_df_row.nc"
      }
    },
    {
      "type": "Feature",
      "geometry": {
        "type": "Point",
        "coordinates": [
          -119.66,
          39.53
        ]
      },
      "properties": {
        "source": "nexrad",
        "pred_class": 0,
        "probs": [
          0.5265425443649292,
          0.4734574258327484
        ],
        "severe_prob": 0.4734574258327484,
        "prob_max": 0.5265425443649292,
        "true_class": 1.0,
        "flight_level_ft": 11000.0,
        "delta_t_seconds": 56.0,
        "pirep_time": "2024-12-27T09:55:00",
        "patch_id": "0000434_2024_12_df_row.nc"
      }
    },
    {
      "type": "Feature",
      "geometry": {
        "type": "Point",
        "coordinates": [
          -82.56995528290498,
          32.5644167
        ]
      },
      "properties": {
        "source": "nexrad",
        "pred_class": 0,
        "probs": [
          0.7586620450019836,
          0.24133801460266113
        ],
        "severe_prob": 0.24133801460266113,
        "prob_max": 0.7586620450019836,
        "true_class": 1.0,
        "flight_level_ft": 7000.0,
        "delta_t_seconds": 243.0,
        "pirep_time": "2024-12-29T16:22:00",
        "patch_id": "0000439_2024_12_df_row.nc"
      }
    },
    {
      "type": "Feature",
      "geometry": {
        "type": "Point",
        "coordinates": [
          -79.80303399540027,
          25.713168878408307
        ]
      },
      "properties": {
        "source": "nexrad",
        "pred_class": 1,
        "probs": [
          0.005090627819299698,
          0.9949093461036682
        ],
        "severe_prob": 0.9949093461036682,
        "prob_max": 0.9949093461036682,
        "true_class": 1.0,
        "flight_level_ft": 14000.0,
        "delta_t_seconds": 247.0,
        "pirep_time": "2024-12-29T17:21:00",
        "patch_id": "0000442_2024_12_df_row.nc"
      }
    },
    {
      "type": "Feature",
      "geometry": {
        "type": "Point",
        "coordinates": [
          -116.27743322075072,
          40.81032624692706
        ]
      },
      "properties": {
        "source": "nexrad",
        "pred_class": 1,
        "probs": [
          0.11377986520528793,
          0.8862201571464539
        ],
        "severe_prob": 0.8862201571464539,
        "prob_max": 0.8862201571464539,
        "true_class": 1.0,
        "flight_level_ft": 38000.0,
        "delta_t_seconds": 231.0,
        "pirep_time": "2024-12-28T04:18:00",
        "patch_id": "0000446_2024_12_df_row.nc"
      }
    },
    {
      "type": "Feature",
      "geometry": {
        "type": "Point",
        "coordinates": [
          -98.2056265438802,
          33.15694675360954
        ]
      },
      "properties": {
        "source": "nexrad",
        "pred_class": 1,
        "probs": [
          0.04228614270687103,
          0.9577138423919678
        ],
        "severe_prob": 0.9577138423919678,
        "prob_max": 0.9577138423919678,
        "true_class": 1.0,
        "flight_level_ft": 8000.0,
        "delta_t_seconds": 144.0,
        "pirep_time": "2024-12-24T06:13:00",
        "patch_id": "0000450_2024_12_df_row.nc"
      }
    },
    {
      "type": "Feature",
      "geometry": {
        "type": "Point",
        "coordinates": [
          -105.2155808975145,
          39.32206233814605
        ]
      },
      "properties": {
        "source": "nexrad",
        "pred_class": 0,
        "probs": [
          0.5998772382736206,
          0.400122731924057
        ],
        "severe_prob": 0.400122731924057,
        "prob_max": 0.5998772382736206,
        "true_class": 1.0,
        "flight_level_ft": 14000.0,
        "delta_t_seconds": 264.0,
        "pirep_time": "2024-12-16T04:47:00",
        "patch_id": "0000451_2024_12_df_row.nc"
      }
    },
    {
      "type": "Feature",
      "geometry": {
        "type": "Point",
        "coordinates": [
          -118.47248581422052,
          34.36154013519376
        ]
      },
      "properties": {
        "source": "nexrad",
        "pred_class": 1,
        "probs": [
          0.05529002472758293,
          0.9447099566459656
        ],
        "severe_prob": 0.9447099566459656,
        "prob_max": 0.9447099566459656,
        "true_class": 1.0,
        "flight_level_ft": 8500.0,
        "delta_t_seconds": 243.0,
        "pirep_time": "2024-12-27T23:45:00",
        "patch_id": "0000453_2024_12_df_row.nc"
      }
    },
    {
      "type": "Feature",
      "geometry": {
        "type": "Point",
        "coordinates": [
          -75.37847656924475,
          41.813778119370006
        ]
      },
      "properties": {
        "source": "nexrad",
        "pred_class": 1,
        "probs": [
          0.06134381517767906,
          0.938656210899353
        ],
        "severe_prob": 0.938656210899353,
        "prob_max": 0.938656210899353,
        "true_class": 1.0,
        "flight_level_ft": 14000.0,
        "delta_t_seconds": 363.0,
        "pirep_time": "2024-12-12T00:26:00",
        "patch_id": "0000454_2024_12_df_row.nc"
      }
    },
    {
      "type": "Feature",
      "geometry": {
        "type": "Point",
        "coordinates": [
          -82.08414761873655,
          29.6917
        ]
      },
      "properties": {
        "source": "nexrad",
        "pred_class": 1,
        "probs": [
          0.08538215607404709,
          0.9146178364753723
        ],
        "severe_prob": 0.9146178364753723,
        "prob_max": 0.9146178364753723,
        "true_class": 1.0,
        "flight_level_ft": 23000.0,
        "delta_t_seconds": 80.0,
        "pirep_time": "2024-12-11T15:50:00",
        "patch_id": "0000456_2024_12_df_row.nc"
      }
    },
    {
      "type": "Feature",
      "geometry": {
        "type": "Point",
        "coordinates": [
          -112.08256,
          33.68831
        ]
      },
      "properties": {
        "source": "nexrad",
        "pred_class": 0,
        "probs": [
          0.606842577457428,
          0.3931574523448944
        ],
        "severe_prob": 0.3931574523448944,
        "prob_max": 0.606842577457428,
        "true_class": 0.0,
        "flight_level_ft": 4500.0,
        "delta_t_seconds": 462.0,
        "pirep_time": "2024-12-19T22:45:00",
        "patch_id": "0000458_2024_12_df_row.nc"
      }
    },
    {
      "type": "Feature",
      "geometry": {
        "type": "Point",
        "coordinates": [
          -80.94600454309568,
          28.16154013519376
        ]
      },
      "properties": {
        "source": "nexrad",
        "pred_class": 1,
        "probs": [
          0.007956761866807938,
          0.9920433163642883
        ],
        "severe_prob": 0.9920433163642883,
        "prob_max": 0.9920433163642883,
        "true_class": 1.0,
        "flight_level_ft": 21000.0,
        "delta_t_seconds": 213.0,
        "pirep_time": "2024-12-29T21:35:00",
        "patch_id": "0000459_2024_12_df_row.nc"
      }
    },
    {
      "type": "Feature",
      "geometry": {
        "type": "Point",
        "coordinates": [
          -80.23286,
          40.49147
        ]
      },
      "properties": {
        "source": "nexrad",
        "pred_class": 0,
        "probs": [
          0.504509449005127,
          0.49549052119255066
        ],
        "severe_prob": 0.49549052119255066,
        "prob_max": 0.504509449005127,
        "true_class": 0.0,
        "flight_level_ft": 9000.0,
        "delta_t_seconds": 374.0,
        "pirep_time": "2024-12-19T15:07:00",
        "patch_id": "0000467_2024_12_df_row.nc"
      }
    },
    {
      "type": "Feature",
      "geometry": {
        "type": "Point",
        "coordinates": [
          -104.22339012521051,
          39.8328
        ]
      },
      "properties": {
        "source": "nexrad",
        "pred_class": 1,
        "probs": [
          0.3974777162075043,
          0.6025222539901733
        ],
        "severe_prob": 0.6025222539901733,
        "prob_max": 0.6025222539901733,
        "true_class": 0.0,
        "flight_level_ft": 10500.0,
        "delta_t_seconds": 485.0,
        "pirep_time": "2024-12-19T20:15:00",
        "patch_id": "0000468_2024_12_df_row.nc"
      }
    },
    {
      "type": "Feature",
      "geometry": {
        "type": "Point",
        "coordinates": [
          -74.05616,
          40.94233008334008
        ]
      },
      "properties": {
        "source": "nexrad",
        "pred_class": 1,
        "probs": [
          0.05194146931171417,
          0.948058545589447
        ],
        "severe_prob": 0.948058545589447,
        "prob_max": 0.948058545589447,
        "true_class": 1.0,
        "flight_level_ft": 11000.0,
        "delta_t_seconds": 285.0,
        "pirep_time": "2024-12-12T01:20:00",
        "patch_id": "0000474_2024_12_df_row.nc"
      }
    },
    {
      "type": "Feature",
      "geometry": {
        "type": "Point",
        "coordinates": [
          -117.32256,
          47.68282
        ]
      },
      "properties": {
        "source": "nexrad",
        "pred_class": 1,
        "probs": [
          0.27459317445755005,
          0.7254068851470947
        ],
        "severe_prob": 0.7254068851470947,
        "prob_max": 0.7254068851470947,
        "true_class": 1.0,
        "flight_level_ft": 5000.0,
        "delta_t_seconds": 160.0,
        "pirep_time": "2024-12-18T16:40:00",
        "patch_id": "0000477_2024_12_df_row.nc"
      }
    },
    {
      "type": "Feature",
      "geometry": {
        "type": "Point",
        "coordinates": [
          -117.55089251334148,
          34.364722798556976
        ]
      },
      "properties": {
        "source": "nexrad",
        "pred_class": 1,
        "probs": [
          0.18065831065177917,
          0.8193417191505432
        ],
        "severe_prob": 0.8193417191505432,
        "prob_max": 0.8193417191505432,
        "true_class": 1.0,
        "flight_level_ft": 8000.0,
        "delta_t_seconds": 279.0,
        "pirep_time": "2024-12-05T19:35:00",
        "patch_id": "0000479_2024_12_df_row.nc"
      }
    },
    {
      "type": "Feature",
      "geometry": {
        "type": "Point",
        "coordinates": [
          -72.25,
          41.12668016668017
        ]
      },
      "properties": {
        "source": "nexrad",
        "pred_class": 1,
        "probs": [
          0.4759857952594757,
          0.5240142941474915
        ],
        "severe_prob": 0.5240142941474915,
        "prob_max": 0.5240142941474915,
        "true_class": 1.0,
        "flight_level_ft": 8000.0,
        "delta_t_seconds": 77.0,
        "pirep_time": "2024-12-12T01:48:00",
        "patch_id": "0000482_2024_12_df_row.nc"
      }
    },
    {
      "type": "Feature",
      "geometry": {
        "type": "Point",
        "coordinates": [
          -117.33379897773936,
          34.15271438960888
        ]
      },
      "properties": {
        "source": "nexrad",
        "pred_class": 1,
        "probs": [
          0.40253621339797974,
          0.5974637269973755
        ],
        "severe_prob": 0.5974637269973755,
        "prob_max": 0.5974637269973755,
        "true_class": 1.0,
        "flight_level_ft": 2200.0,
        "delta_t_seconds": 489.0,
        "pirep_time": "2024-12-07T02:10:00",
        "patch_id": "0000484_2024_12_df_row.nc"
      }
    },
    {
      "type": "Feature",
      "geometry": {
        "type": "Point",
        "coordinates": [
          -81.97492566045638,
          38.15847337680477
        ]
      },
      "properties": {
        "source": "nexrad",
        "pred_class": 1,
        "probs": [
          0.05397297441959381,
          0.9460270404815674
        ],
        "severe_prob": 0.9460270404815674,
        "prob_max": 0.9460270404815674,
        "true_class": 1.0,
        "flight_level_ft": 20000.0,
        "delta_t_seconds": 149.0,
        "pirep_time": "2024-12-11T13:15:00",
        "patch_id": "0000486_2024_12_df_row.nc"
      }
    },
    {
      "type": "Feature",
      "geometry": {
        "type": "Point",
        "coordinates": [
          -116.85,
          33.92
        ]
      },
      "properties": {
        "source": "nexrad",
        "pred_class": 1,
        "probs": [
          0.0036997119896113873,
          0.9963002800941467
        ],
        "severe_prob": 0.9963002800941467,
        "prob_max": 0.9963002800941467,
        "true_class": 1.0,
        "flight_level_ft": 8500.0,
        "delta_t_seconds": 249.0,
        "pirep_time": "2024-12-27T20:20:00",
        "patch_id": "0000498_2024_12_df_row.nc"
      }
    },
    {
      "type": "Feature",
      "geometry": {
        "type": "Point",
        "coordinates": [
          -81.05806,
          29.17992
        ]
      },
      "properties": {
        "source": "nexrad",
        "pred_class": 1,
        "probs": [
          0.06271668523550034,
          0.9372833371162415
        ],
        "severe_prob": 0.9372833371162415,
        "prob_max": 0.9372833371162415,
        "true_class": 1.0,
        "flight_level_ft": 5400.0,
        "delta_t_seconds": 130.0,
        "pirep_time": "2024-12-29T21:54:00",
        "patch_id": "0000508_2024_12_df_row.nc"
      }
    },
    {
      "type": "Feature",
      "geometry": {
        "type": "Point",
        "coordinates": [
          -86.70708619139549,
          41.93668016668017
        ]
      },
      "properties": {
        "source": "nexrad",
        "pred_class": 0,
        "probs": [
          0.55376136302948,
          0.44623863697052
        ],
        "severe_prob": 0.44623863697052,
        "prob_max": 0.55376136302948,
        "true_class": 0.0,
        "flight_level_ft": 19000.0,
        "delta_t_seconds": 68.0,
        "pirep_time": "2024-12-29T14:43:00",
        "patch_id": "0000514_2024_12_df_row.nc"
      }
    },
    {
      "type": "Feature",
      "geometry": {
        "type": "Point",
        "coordinates": [
          -105.2155808975145,
          40.34353766185394
        ]
      },
      "properties": {
        "source": "nexrad",
        "pred_class": 1,
        "probs": [
          0.2383102923631668,
          0.7616897225379944
        ],
        "severe_prob": 0.7616897225379944,
        "prob_max": 0.7616897225379944,
        "true_class": 1.0,
        "flight_level_ft": 8500.0,
        "delta_t_seconds": 259.0,
        "pirep_time": "2024-12-16T16:47:00",
        "patch_id": "0000515_2024_12_df_row.nc"
      }
    },
    {
      "type": "Feature",
      "geometry": {
        "type": "Point",
        "coordinates": [
          -79.3,
          25.836680166680168
        ]
      },
      "properties": {
        "source": "nexrad",
        "pred_class": 1,
        "probs": [
          0.18414516746997833,
          0.8158548474311829
        ],
        "severe_prob": 0.8158548474311829,
        "prob_max": 0.8158548474311829,
        "true_class": 1.0,
        "flight_level_ft": 7000.0,
        "delta_t_seconds": 6.0,
        "pirep_time": "2024-12-01T21:32:00",
        "patch_id": "0000517_2024_12_df_row.nc"
      }
    },
    {
      "type": "Feature",
      "geometry": {
        "type": "Point",
        "coordinates": [
          -96.06624964294596,
          34.36163925016468
        ]
      },
      "properties": {
        "source": "nexrad",
        "pred_class": 0,
        "probs": [
          0.6505187153816223,
          0.3494813144207001
        ],
        "severe_prob": 0.3494813144207001,
        "prob_max": 0.6505187153816223,
        "true_class": 1.0,
        "flight_level_ft": 14000.0,
        "delta_t_seconds": 190.0,
        "pirep_time": "2024-12-14T06:02:00",
        "patch_id": "0000519_2024_12_df_row.nc"
      }
    },
    {
      "type": "Feature",
      "geometry": {
        "type": "Point",
        "coordinates": [
          -88.81975628183692,
          33.48
        ]
      },
      "properties": {
        "source": "nexrad",
        "pred_class": 1,
        "probs": [
          0.041096270084381104,
          0.9589037299156189
        ],
        "severe_prob": 0.9589037299156189,
        "prob_max": 0.9589037299156189,
        "true_class": 1.0,
        "flight_level_ft": 33000.0,
        "delta_t_seconds": 182.0,
        "pirep_time": "2024-12-28T22:29:00",
        "patch_id": "0000529_2024_12_df_row.nc"
      }
    },
    {
      "type": "Feature",
      "geometry": {
        "type": "Point",
        "coordinates": [
          -96.75361,
          43.57694
        ]
      },
      "properties": {
        "source": "nexrad",
        "pred_class": 0,
        "probs": [
          0.5255863666534424,
          0.47441354393959045
        ],
        "severe_prob": 0.47441354393959045,
        "prob_max": 0.5255863666534424,
        "true_class": 0.0,
        "flight_level_ft": 100.0,
        "delta_t_seconds": 318.0,
        "pirep_time": "2024-12-09T06:53:00",
        "patch_id": "0000531_2024_12_df_row.nc"
      }
    },
    {
      "type": "Feature",
      "geometry": {
        "type": "Point",
        "coordinates": [
          -121.84237491594918,
          47.712539864806246
        ]
      },
      "properties": {
        "source": "nexrad",
        "pred_class": 1,
        "probs": [
          0.232015922665596,
          0.7679840922355652
        ],
        "severe_prob": 0.7679840922355652,
        "prob_max": 0.7679840922355652,
        "true_class": 1.0,
        "flight_level_ft": 10000.0,
        "delta_t_seconds": 81.0,
        "pirep_time": "2024-12-24T03:43:00",
        "patch_id": "0000534_2024_12_df_row.nc"
      }
    },
    {
      "type": "Feature",
      "geometry": {
        "type": "Point",
        "coordinates": [
          -150.3148114509197,
          61.11299202550251
        ]
      },
      "properties": {
        "source": "nexrad",
        "pred_class": 1,
        "probs": [
          0.45501509308815,
          0.5449848771095276
        ],
        "severe_prob": 0.5449848771095276,
        "prob_max": 0.5449848771095276,
        "true_class": 0.0,
        "flight_level_ft": 2000.0,
        "delta_t_seconds": 103.0,
        "pirep_time": "2024-12-21T17:55:00",
        "patch_id": "0000535_2024_12_df_row.nc"
      }
    },
    {
      "type": "Feature",
      "geometry": {
        "type": "Point",
        "coordinates": [
          -95.01537884087848,
          34.68
        ]
      },
      "properties": {
        "source": "nexrad",
        "pred_class": 0,
        "probs": [
          0.5926344990730286,
          0.40736550092697144
        ],
        "severe_prob": 0.40736550092697144,
        "prob_max": 0.5926344990730286,
        "true_class": 1.0,
        "flight_level_ft": 21000.0,
        "delta_t_seconds": 37.0,
        "pirep_time": "2024-12-29T00:21:00",
        "patch_id": "0000539_2024_12_df_row.nc"
      }
    },
    {
      "type": "Feature",
      "geometry": {
        "type": "Point",
        "coordinates": [
          -78.23961229111443,
          38.47331983331984
        ]
      },
      "properties": {
        "source": "nexrad",
        "pred_class": 0,
        "probs": [
          0.8215905427932739,
          0.17840947210788727
        ],
        "severe_prob": 0.17840947210788727,
        "prob_max": 0.8215905427932739,
        "true_class": 1.0,
        "flight_level_ft": 16000.0,
        "delta_t_seconds": 322.0,
        "pirep_time": "2024-12-11T21:04:00",
        "patch_id": "0000543_2024_12_df_row.nc"
      }
    },
    {
      "type": "Feature",
      "geometry": {
        "type": "Point",
        "coordinates": [
          -149.69013596124432,
          61.251670041670046
        ]
      },
      "properties": {
        "source": "nexrad",
        "pred_class": 0,
        "probs": [
          0.5239838361740112,
          0.47601619362831116
        ],
        "severe_prob": 0.47601619362831116,
        "prob_max": 0.5239838361740112,
        "true_class": 1.0,
        "flight_level_ft": 2000.0,
        "delta_t_seconds": 207.0,
        "pirep_time": "2024-12-08T20:23:00",
        "patch_id": "0000546_2024_12_df_row.nc"
      }
    },
    {
      "type": "Feature",
      "geometry": {
        "type": "Point",
        "coordinates": [
          -122.54071227245078,
          37.72158855732584
        ]
      },
      "properties": {
        "source": "nexrad",
        "pred_class": 1,
        "probs": [
          0.006760488264262676,
          0.9932395219802856
        ],
        "severe_prob": 0.9932395219802856,
        "prob_max": 0.9932395219802856,
        "true_class": 1.0,
        "flight_level_ft": 12000.0,
        "delta_t_seconds": 39.0,
        "pirep_time": "2024-12-23T03:35:00",
        "patch_id": "0000549_2024_12_df_row.nc"
      }
    },
    {
      "type": "Feature",
      "geometry": {
        "type": "Point",
        "coordinates": [
          -104.6575,
          39.81613198333199
        ]
      },
      "properties": {
        "source": "nexrad",
        "pred_class": 1,
        "probs": [
          0.4988619089126587,
          0.5011380910873413
        ],
        "severe_prob": 0.5011380910873413,
        "prob_max": 0.5011380910873413,
        "true_class": 0.0,
        "flight_level_ft": 5400.0,
        "delta_t_seconds": 65.0,
        "pirep_time": "2024-12-18T04:22:00",
        "patch_id": "0000554_2024_12_df_row.nc"
      }
    },
    {
      "type": "Feature",
      "geometry": {
        "type": "Point",
        "coordinates": [
          -104.22339012521051,
          39.8328
        ]
      },
      "properties": {
        "source": "nexrad",
        "pred_class": 0,
        "probs": [
          0.6425963044166565,
          0.3574036955833435
        ],
        "severe_prob": 0.3574036955833435,
        "prob_max": 0.6425963044166565,
        "true_class": 0.0,
        "flight_level_ft": 18000.0,
        "delta_t_seconds": 116.0,
        "pirep_time": "2024-12-23T13:53:00",
        "patch_id": "0000562_2024_12_df_row.nc"
      }
    },
    {
      "type": "Feature",
      "geometry": {
        "type": "Point",
        "coordinates": [
          -120.64408212,
          35.23809025
        ]
      },
      "properties": {
        "source": "nexrad",
        "pred_class": 0,
        "probs": [
          0.6247929930686951,
          0.3752070367336273
        ],
        "severe_prob": 0.3752070367336273,
        "prob_max": 0.6247929930686951,
        "true_class": 1.0,
        "flight_level_ft": 3000.0,
        "delta_t_seconds": 181.0,
        "pirep_time": "2024-12-18T04:51:00",
        "patch_id": "0000565_2024_12_df_row.nc"
      }
    },
    {
      "type": "Feature",
      "geometry": {
        "type": "Point",
        "coordinates": [
          -121.86729850063246,
          37.4485078695789
        ]
      },
      "properties": {
        "source": "nexrad",
        "pred_class": 1,
        "probs": [
          0.06633416563272476,
          0.9336658120155334
        ],
        "severe_prob": 0.9336658120155334,
        "prob_max": 0.9336658120155334,
        "true_class": 1.0,
        "flight_level_ft": 2500.0,
        "delta_t_seconds": 18.0,
        "pirep_time": "2024-12-08T19:13:00",
        "patch_id": "0000566_2024_12_df_row.nc"
      }
    },
    {
      "type": "Feature",
      "geometry": {
        "type": "Point",
        "coordinates": [
          -105.01907236292344,
          39.26351766249651
        ]
      },
      "properties": {
        "source": "nexrad",
        "pred_class": 1,
        "probs": [
          0.016759099438786507,
          0.9832409024238586
        ],
        "severe_prob": 0.9832409024238586,
        "prob_max": 0.9832409024238586,
        "true_class": 1.0,
        "flight_level_ft": 12000.0,
        "delta_t_seconds": 370.0,
        "pirep_time": "2024-12-29T22:00:00",
        "patch_id": "0000569_2024_12_df_row.nc"
      }
    }
  ]
}